PC1,PC2,Loyalty Classification
0.839695856245714,-2.246225853749447,Jade
1.6055290300430602,0.9735022639901153,Jade
1.8794437281195222,0.46722072905858714,Gold
1.7618033845677108,-1.0765621816496365,Silver
0.9088910811207135,1.1490215917983901,Platinum
1.0168925537470153,-1.509204103287952,Silver
-2.829764440436346,-0.37235515688551973,Gold
-0.16736648904827658,1.441713289429349,Gold
-0.45849778608438735,-1.4643130937254372,Silver
-0.8348712967661964,0.34693916649209,Silver
-2.6039890059811395,-0.14106381215873415,Jade
-0.6864745408928847,-1.2095172711448279,Jade
-0.5607520111286514,-0.13701373078796977,Silver
0.8542533131064238,0.5688726309926073,Jade
-0.7677181059218897,0.9103706533436923,Platinum
0.5866455725661165,1.5864784622100065,Silver
3.997464738125919,-1.7343488452523523,Silver
-2.3660994531448334,-0.16654234828084089,Jade
-0.7037681242506499,0.7699325232539888,Jade
0.87476473490495,-0.7765594875616391,Jade
-2.0253988059718355,0.26659202884574307,Jade
-0.06592559182225374,0.12227842504329502,Jade
-0.3854580106303997,2.286675551508869,Jade
1.0028115998728258,-1.5450686748778981,Gold
-2.0298447537360587,-0.3746827067448133,Jade
-2.181163086219763,-0.8245164945637199,Jade
6.6834880917483535,1.6365960281347904,Silver
-1.9591608451989824,-0.16878988043051935,Jade
1.2769818527098904,0.32320678682617815,Jade
-1.0160899642784058,-0.5747095382862921,Jade
2.244610154610944,-2.5621607550985472,Jade
0.0914913850583115,-0.7158670880067272,Gold
1.414188500964598,1.292629023805332,Platinum
-1.4342102116017283,0.5620373406227812,Jade
2.3928616029239995,0.7279149426400802,Platinum
-1.3305812601284954,-0.4228215597480969,Jade
2.600825061513188,-3.2898448076112055,Gold
0.6873502658640799,-0.20720569450956217,Platinum
0.6323362479108982,-0.11969581570707245,Gold
-0.5764110424528777,-1.2380994668693388,Platinum
-0.5593852866400644,0.9188841876354491,Gold
-0.27357293570816277,0.9609828004625648,Silver
2.9199023632823855,-1.438497726948355,Silver
-2.2359372118526335,-0.5190341972409838,Jade
-1.7807236199714156,0.1251213066715627,Jade
-0.5856961970595865,0.4906636972669918,Gold
-2.898834832650743,-0.4509845870355883,Gold
2.2217499040726967,-2.148438359363046,Silver
-1.591059202391192,-0.2788840182672836,Jade
-2.3268576202803937,-0.7663431173709156,Gold
-0.8060337192655936,-0.8831516495827905,Silver
-1.6470141219177579,-0.006527588440954704,Silver
-2.457195642181288,-0.4060193869939193,Jade
2.4942744557691006,0.12515862108192885,Jade
0.3347394870319,-1.3672615222075888,Gold
-2.236854677431775,-0.06492048803427701,Jade
-2.4583828972793196,-0.24521087479732998,Jade
-1.7142701484014604,-1.06184089501714,Jade
1.4072301228806738,1.9293991718177612,Silver
-0.027842011518468265,1.4850159698470067,Jade
3.3304910446751768,1.3960997603133465,Silver
-1.2786529252274346,1.0094644388413707,Platinum
-0.5527856987773893,-0.41293751251262467,Jade
-1.6043007630185935,1.3082201824421986,Jade
0.0016010078413051284,1.311687679281754,Silver
0.5765249420506094,-0.3457769012498867,Platinum
-2.07707310845215,-0.7446640923533877,Jade
-1.2605172584502649,-0.6688030050461203,Gold
-1.7274895986203704,0.35305648569190995,Platinum
-0.35699116045786167,0.21957645285884686,Jade
-0.4920853693766246,0.4629986595884741,Gold
-2.0834406064864526,0.4702686173982493,Gold
1.7035914996904715,3.054143544305799,Jade
-2.92602986632011,-0.8514048007114456,Silver
-1.114869199593222,-0.469478316623105,Jade
-1.9923392183072985,-0.526349493482532,Jade
-0.7204466600569615,0.09646111639031073,Platinum
2.350043288248761,2.251546792913,Jade
2.0090963681788923,-1.0863894600872548,Silver
-1.3278350524304054,1.3170326025157943,Silver
0.6800173397251977,0.7663455841774126,Jade
0.38402794537688345,0.6283785212675166,Gold
1.7015561517693478,-0.52028281530067,Gold
1.8940582761649036,-1.4565563781729143,Jade
-0.9182267564492539,0.34447597898593113,Jade
1.7896100211081443,0.229978102737342,Silver
-0.7570893847925817,0.9373569043081643,Platinum
-1.1883707067730835,-0.7812400546617938,Gold
-2.3589201999998726,-0.3054705115710371,Jade
-1.6835856227940127,-0.1318795526530834,Jade
1.221961495135678,-0.5560323625301833,Jade
-1.5179994307479514,-0.519879868872265,Jade
-1.2523857171359154,0.9846622222463793,Silver
-1.919758154453153,-0.29545161522900165,Jade
-1.44894632401759,0.07659614285041415,Jade
-2.1843391829609806,-0.29238293149333033,Platinum
1.0590176411033914,1.2950408101627886,Jade
4.645524804861802,2.1025447368559376,Gold
-1.3496136970208978,0.14207858916154104,Silver
2.0625133455177482,1.330743124608239,Jade
-0.01601661330221783,-0.7393125608815716,Silver
1.1310022782644524,2.218056941753938,Silver
-1.877450236166078,0.1929310944813223,Gold
-2.467334185267594,-0.2731602030463013,Jade
-1.837464497573522,0.06370065454626904,Gold
-0.47890490697864635,-1.410323342648702,Jade
-2.28626807555198,-0.09909813464896787,Gold
-1.741340090920869,-0.16992840565034256,Gold
0.31532156986007465,1.078913768830884,Silver
2.0393450689859387,0.05635568210538021,Silver
-1.3502714418369484,0.6272960222168572,Silver
-0.6103488744743416,-0.5851393521156292,Jade
-1.4119810076108963,-0.7829037014614058,Jade
-0.3877767241263346,-0.4803098360596353,Platinum
0.03255968711280117,0.5820985846746211,Silver
-2.4849684247217425,-0.7467143693667619,Jade
2.0037035291140763,-0.2953003486996194,Platinum
-0.6078491295085423,-1.4149160157029557,Jade
-2.273829067080905,-0.48284246074722054,Platinum
0.4112128354209059,-0.24286516826365703,Jade
-1.8331041454505974,0.6818016735772454,Gold
-2.4155151422220835,-0.7911547279441224,Silver
-2.081990245886552,0.26923906712243406,Silver
-1.2616212397949949,-0.5036162689629835,Gold
-0.5239733243666345,2.061067086146185,Silver
0.029042589744674444,-0.09777186675790796,Silver
0.8722019651571543,-1.0094415600520732,Jade
-0.7409689420842258,0.42167340642206885,Silver
1.8016666525588625,0.6225806276421713,Jade
-0.4786004970598837,1.6022500979181102,Silver
-1.4190292576078278,0.5593928359144729,Gold
-0.0743883568418985,-0.8904872722762112,Jade
-0.3043026764156508,0.19240421948865807,Jade
-0.27498320117712693,-0.9417593463038784,Gold
-0.9961404305172828,-0.07605586173615288,Jade
1.4865167359205036,0.27730332838970867,Platinum
3.7803328547106525,2.041834946396479,Jade
-1.4490252518825157,0.4934924220615231,Jade
-1.4756603346251143,1.1708087858575174,Gold
-1.45963970617205,-0.7575333789389584,Silver
-1.744634706366699,-0.60924083780667,Gold
-0.21983058184613752,-0.009421121541413412,Gold
0.6120636367686244,1.7309349179656572,Jade
-2.8061596756374376,-0.6937730293081962,Jade
1.2999432601845184,3.5129025390277655,Jade
-1.7686760721672978,0.013243575695981183,Silver
0.8076108327671149,-1.1393766155515852,Jade
-0.09319210929413721,-0.18271792724716673,Silver
-2.2793065046307053,0.007858808304022205,Jade
-1.2780696074285345,-0.25405515132620765,Jade
-1.0605151033333817,-0.3844452725042209,Jade
0.40358888874854526,-0.25042063419604954,Gold
0.6670037824051572,1.41092716657982,Jade
-1.748242873437377,-1.447281975458635,Silver
-2.6901115259946957,-0.5814432542191542,Gold
0.9841306401307776,0.503052967490141,Platinum
-0.8109252633429695,-0.18704245507103184,Jade
0.07041678247912514,-0.6496848760887739,Jade
-2.7557107049765213,-0.3077681448632405,Silver
-0.6602659458053176,1.5652490879630527,Platinum
0.7641839376165864,-1.1473499283844864,Jade
0.19665522168147537,-2.0353279751058735,Jade
0.08102736875033584,1.357557846459755,Gold
1.5677977665335812,0.3965550710274012,Jade
0.12092525423549777,1.5842007454273528,Jade
-2.128005414192011,-0.13236003133814256,Silver
-2.465318526762684,-0.014203267538423742,Gold
0.3647358033420362,1.1865793045039807,Jade
-2.891201237289328,-0.7003448125730036,Jade
-1.1858964196050732,0.35202958947712604,Jade
-1.649221611710139,-0.8641945792974344,Gold
-0.35351358621407364,-0.19417215007094465,Jade
0.17885255880963374,0.6346621886907237,Jade
-1.3082082208616956,0.16471868106828924,Gold
1.347252793648521,-0.3563922958168049,Platinum
-1.1256614608113364,0.4349621919088509,Jade
0.6494328302938346,1.3738917058787379,Silver
-0.2383259263546487,-0.3803454413697441,Silver
-0.5161513303127918,-0.5749700620950786,Jade
-0.9572615529124701,1.0346969708735827,Jade
-1.3887523908424086,-1.2607002482977436,Jade
1.262832660723314,-0.22825180707042245,Jade
-0.017729039813958094,0.39620123453341005,Gold
1.1177429410890658,1.872176318156894,Jade
1.308020484363177,-0.3941373608313839,Jade
0.5936049282988504,2.3308085130832854,Jade
3.8877597940634927,-1.3525114242772536,Silver
0.10687770425881438,0.8156745071713485,Silver
-2.0017404949109783,0.25847188053112163,Platinum
-0.22799532024716196,-0.7830759779254992,Platinum
-1.5173664210274314,0.4064532081101018,Jade
0.792216131083674,1.5508559067968877,Gold
0.4934884989864284,-0.5111751867040291,Gold
0.2842404485845107,0.7373575474909243,Gold
-0.8188786632551073,-1.2101467581882668,Silver
0.24143097125374902,-1.390715212804785,Jade
0.16974393472321164,-2.035411492990462,Jade
-2.3838874101230827,-0.8222287147639988,Silver
-1.1631348826800505,0.4536923359398112,Jade
-0.4703547517849935,-0.4452479596625833,Silver
-1.3334544282731675,-0.47704658611340833,Jade
1.126705303226287,3.1390814299733636,Gold
3.1431690521572033,-0.5095831790984097,Silver
-0.8225398265720852,-0.033475054124471534,Jade
-1.5223936924066592,-0.6973042583890277,Gold
-1.3257371542644998,-0.35330224120996523,Silver
5.193740947275648,-0.971628950482191,Jade
-0.7846856370126022,-0.17571220037526486,Jade
1.1841110311781877,2.5509526644728324,Silver
-1.154256044522039,-1.0613844262012162,Jade
-0.6139168405777076,1.2050242830329096,Gold
-1.7150938363880814,0.047892118652810026,Jade
-1.0898929084057778,-0.6943258609511315,Gold
-0.8774127217540315,1.3528174274090983,Silver
0.11614090827867152,0.16508649077943727,Jade
-1.3278690856776887,0.4559902284516663,Gold
-0.94749369769552,-0.9257000202224981,Platinum
-2.4447655804174806,-0.8903600655273752,Jade
-1.9991115901730514,-0.3798317865624846,Jade
-1.2510281041560884,-1.0593056017111582,Silver
0.5084190921321156,0.5451508960118777,Silver
0.998619005792539,-1.9946303081940955,Gold
-1.7473849674107282,-0.5330544985970679,Platinum
-1.2968137174646899,-0.9629261300280574,Platinum
0.05559760921318092,-0.8120484124593179,Jade
1.2121615494163303,1.5232214545468064,Jade
-1.220538424355673,-0.06643342101260244,Jade
-0.10635000059457053,0.7166314102537804,Jade
-1.1301490055577825,-0.8416000568471902,Jade
2.523306064961437,-0.8299342092641863,Silver
-2.681178371522323,-0.5750128007795685,Jade
-1.0162894179715949,-0.1329485525660134,Gold
-1.580033084545869,0.12591717248434658,Silver
2.746797464197335,0.03185698278920167,Silver
-2.6805774087122036,-0.8791815956597656,Gold
-0.8026822147027911,0.7570273974987791,Gold
4.323433729638294,-0.6311111251915774,Silver
-0.9643548458584756,0.27420168869952205,Jade
2.528319932677362,3.2980547115396543,Gold
0.3322407370332289,0.442888798541475,Jade
-2.0018504550586593,0.47029510694462673,Jade
-2.392108198574108,-0.7873156503885234,Gold
-1.2352145986735066,-0.5418504969557034,Jade
-1.549550228492934,-0.7800651358004088,Gold
0.9267756698720573,0.4337203100614261,Silver
0.6007370055742284,-1.2154460253052217,Jade
-1.4218857379423004,-0.7664882787838179,Silver
-2.4203659500449612,-0.39565583001582877,Silver
-1.7001441166427491,0.17316845679029713,Gold
3.513789883483064,0.12480761136389933,Silver
0.19286599597228704,-0.24040716751336064,Gold
-0.9830683361460174,-1.2615699749960099,Jade
0.25347820683807676,-0.6687505669351915,Jade
-1.8001411150410824,0.8355029809011013,Jade
3.671158400500074,-1.2561253523597142,Platinum
0.47501117609586246,-0.49237622216508903,Platinum
-1.9579545118666086,0.1262347651900421,Silver
0.26586078301317373,-1.0868366376966558,Jade
-0.758976978898781,0.2553342010378791,Silver
1.3380828166114442,1.1258435506308224,Gold
0.7026788735308723,-1.8802256059183668,Gold
1.2282743408338246,0.7402113482296306,Silver
-1.832640482681686,-0.37462931105063946,Jade
-1.0694993109554225,0.6569097211768338,Gold
-1.1053881797571332,-0.2964240654832394,Jade
-1.1891277898598598,-1.2132072733942196,Silver
-1.812679309379234,-1.0543287861813493,Jade
-1.453426445241888,-1.3715072756064197,Platinum
3.7809807981277688,-0.9329729430855928,Jade
-1.622576149738034,-0.22355554483607068,Jade
-0.05991351682758147,-0.9023005690539218,Platinum
-0.9279491236384404,1.5065357680912217,Silver
-0.39422651410414994,-1.3222321971273223,Gold
0.516554941094816,2.023062719230687,Jade
-0.360968028055035,1.0579853881037298,Jade
2.813149682113991,1.077149511636479,Jade
-0.20485814003916542,-0.5228053300378039,Jade
2.3512474705957396,-0.40866841900428996,Gold
0.7961876908959866,0.16177757071553012,Gold
2.234285366126867,2.3715735338010457,Jade
-2.2145610725205818,-0.6329148634946976,Jade
-0.4229825676993342,0.029312581055363187,Silver
-1.6693751933542493,0.1318045954378132,Silver
-1.618489059498599,0.03815279254300037,Silver
-1.1444741454963385,0.3677873861250763,Jade
-1.2197437368868034,1.3958793056795664,Jade
-0.5758467729530757,-1.2639484368434342,Silver
0.19417530826811497,0.805217039419819,Jade
-1.0228787506097097,-1.0493979333426968,Jade
3.177783144184952,-3.0281218418868763,Jade
1.1693716093992346,0.6425156713998537,Jade
0.5336621267952578,0.17203430096952968,Silver
-0.3700813425225123,-0.19987337718164502,Gold
-0.6473567044418286,0.4338715437449652,Jade
4.559474144377617,-1.3730243391072348,Gold
-1.0421835141894233,0.24473365108885567,Gold
-2.3891171944637977,-0.019372025790347386,Silver
-0.5627219002928907,0.34076299672125315,Jade
0.6969081664883118,0.4041359807898357,Jade
-1.5647500310148355,-0.33579176549185596,Platinum
2.652362769498735,-1.5254097686404537,Platinum
-1.6142524707639159,-0.5040977455012713,Gold
-1.165037820073024,0.9622985725499756,Jade
-0.8118530496816873,-0.9376875291026883,Silver
0.8812052524540462,1.356770277161828,Jade
0.0901626590059565,2.5784710744954085,Silver
0.43321805940678454,1.5419929151764165,Silver
3.247745267968122,-2.2525845866063396,Silver
4.612222657439136,0.04534600199527487,Jade
-0.3939367260608705,-1.679611986068297,Jade
2.6583268261764754,2.5619641071774217,Jade
-1.4119034686722436,0.86847148429617,Jade
-1.6323585181490918,-0.49055457018786564,Platinum
-2.104645499468059,-0.29884482008355207,Silver
0.8315162977924576,-0.8636795963962276,Silver
-0.6078664668271616,-0.49274073946031366,Silver
-1.7613675545151208,-1.1359350400464197,Silver
-2.1395414178586423,-0.3770335674750844,Gold
0.43291083300415106,1.6868923125628605,Silver
-1.516134692964197,-0.21156011908200917,Jade
0.7699892870624355,1.7720963991704066,Silver
0.3006073405910344,2.6253001338184623,Silver
-1.8116137614056234,0.06669184126104402,Jade
0.44968253462558,2.5075153973825683,Silver
0.24051404759305922,-0.688399998844019,Gold
2.4654540256315496,-1.5256688857144645,Jade
-2.013861171623713,0.20053207502857592,Jade
0.5715357867886691,0.1246942564290867,Platinum
0.7899544655666483,-0.22154545160769634,Jade
-1.0411872470002472,0.48287089786279547,Silver
0.7280406480348361,-1.0727260091233026,Jade
0.8864277913722046,1.430724570084732,Gold
0.6713298197433083,-0.7944034927901789,Jade
-1.7524586471289694,-0.6341422945657675,Jade
-2.5486819745072715,-0.9115655941745975,Jade
2.4180176353091225,3.9234797703892896,Jade
-0.9771802704163095,0.036868272659319315,Silver
-1.9257350610791377,-0.7755861020939157,Jade
-1.2000617415204533,-0.45834724152719786,Gold
1.881691911362294,0.16898453312979245,Silver
-1.3784962739352125,0.6119812041642635,Jade
-2.269866295294018,-0.26337814203644305,Jade
2.297920104971488,1.549049385428287,Gold
-1.2261323444880639,-0.6620251419492842,Silver
-0.8387176136421468,-0.8301411105754861,Jade
-2.016125972733085,-0.8908147685170986,Jade
-0.9084828231482789,0.8454106928071543,Jade
-0.2146898438843074,2.3974637568692008,Jade
-1.9261915819268296,0.026290030536005163,Gold
-1.6981156384676506,-0.15487925790089443,Silver
4.0317264294730135,0.016235730854557026,Silver
-1.3001086117501366,-0.1957313141932719,Silver
3.6210457872785717,1.2475085323105046,Gold
-0.40830033637937785,-1.4008184581777872,Silver
0.9969051035007018,2.132861813840476,Gold
0.3671599170561746,1.0451341406896435,Jade
-1.3910939573974614,0.13208606327296468,Jade
-0.5195882655566307,0.9183095228123128,Silver
-0.16481695383192224,0.15293647463167856,Silver
0.12480859596361604,2.265200890340372,Silver
0.31844247286011057,0.9684183739651496,Jade
0.5422410808453159,-0.7144353096564408,Jade
0.7573239492129302,-0.5428285327313339,Silver
3.734833023953515,3.727445573922525,Jade
0.17634239628696838,0.5983955484632153,Jade
0.8918784782652126,0.590198014132805,Gold
0.8380203619757287,-0.4974713805522925,Gold
1.0200309593817134,0.19780877078820358,Jade
3.7687315363502467,-1.3508394974287476,Jade
-0.23739059262857282,0.42763098880728656,Jade
5.504033726853274,-1.3541072800159526,Silver
-0.440716676581419,-0.4733015893140142,Jade
2.703381814835798,-1.7249038318305687,Platinum
-0.9448323747620625,0.4022644213886226,Platinum
0.9893022350953841,0.9915153119833785,Gold
0.990587093674074,-0.021248224581356015,Gold
6.546165266650181,-2.0914735388780277,Jade
-2.765735013577507,-0.32516474910357107,Platinum
0.5082395178704423,-1.1198395850337797,Jade
1.3186098505905737,2.832516045652345,Silver
0.029590518272682807,0.20493036900080608,Gold
1.1813728172707054,-0.006038903112930968,Silver
2.5085801395528065,0.05089539518187626,Gold
3.3108094200338742,-0.35530594868384263,Jade
1.8470315161325586,1.5877281221790789,Gold
0.20266181056899202,-1.359705373129053,Jade
-0.8728409858140956,0.8033480915155459,Gold
-0.529438209400564,0.8512811767360418,Jade
3.136345892558052,-2.2042850733398307,Jade
-1.1003231274393024,1.628594826925977,Gold
0.21307176914893494,0.6557398989644603,Jade
3.236191160766957,-3.005333169503657,Jade
-1.5510216098948295,0.6822871873567945,Silver
0.8582043657237896,-0.13043359125781295,Jade
1.4631703879300373,3.2236817894487353,Silver
3.0917935067859075,0.31082141457309553,Platinum
2.3715404998609193,0.9147709530593185,Gold
0.010743017279036152,-1.9051898339914735,Jade
2.3256856873242784,-1.1586749532064553,Silver
2.2189911535089077,0.832802395244635,Jade
0.48590665365360697,0.27068341126685724,Jade
0.22556824750686766,-0.5810282579101405,Jade
2.587664732318436,0.3049376287582565,Silver
1.0581659865221793,1.9158602147458603,Silver
0.5011558154819018,1.4728843410022339,Silver
-1.366033890411364,0.6902768504802514,Jade
-1.1207926098974466,1.1489553888231092,Silver
-1.786484175955318,-0.9063881324286337,Silver
1.3015775431997536,0.775121833151609,Jade
-2.4869107913891817,-0.917735240351016,Silver
0.6017549043426963,2.5072485937766746,Jade
0.4623984656035108,2.0138982321735286,Silver
-0.2685798811239691,0.5224264989454926,Silver
2.1163009173376692,-0.36401123981743944,Jade
-0.4150472426684571,-0.3231789877255725,Gold
-0.11383231949951417,1.347686101751635,Platinum
-1.5450732077885418,-1.0798528828490683,Gold
5.063596279666376,-0.008654119595129031,Jade
-2.411063966116644,0.0556694902832854,Gold
-1.1606477406777664,-0.6723122989317037,Jade
-2.3305228461769154,0.33941361029372896,Jade
-1.8121226302627669,0.02089389819749885,Gold
-0.552778217864783,-0.8135659781770332,Jade
-1.5289961984949243,-0.3732427319583543,Jade
4.058313815358647,-0.8363381547683115,Jade
0.5956705552054745,1.4668900568346568,Jade
-0.3042258351643056,2.066367944527213,Gold
-0.6181725185515545,-0.47604731842107695,Silver
-1.1196149325518676,0.4892293211385325,Gold
-1.1070485998269144,-0.09135413054052743,Gold
-1.8315796770109096,0.6485405588194164,Jade
-0.026762487288697397,-1.011976386668112,Jade
1.7810348761664252,1.9216889916081838,Platinum
1.3102335348980823,0.20494114107167638,Platinum
-0.9185006362948311,-0.08291628441632747,Jade
0.6299366844505333,1.473406432093752,Jade
-0.5860610622992499,-1.84811764527488,Gold
-0.5409346263168309,1.2735376067564306,Platinum
2.550690679491558,-1.411871583912957,Gold
-0.9256029893572288,0.09283031117433502,Silver
1.2715944298162296,0.011310293078795067,Gold
-2.4290945544174547,-0.9609359231696959,Jade
-0.25834521455980897,0.5121768790409692,Platinum
-1.8700116244971037,-0.8537844165750389,Silver
-0.9470107903255506,-0.38502489577637244,Silver
1.3676864500983092,1.179036536304618,Silver
0.7603145040756277,3.01951106708147,Silver
-2.2673165913216056,-0.36306701027019983,Silver
-0.05840768000730314,2.1960487930181083,Jade
0.7722116012985697,-0.5981648907437215,Silver
-1.1136448768425824,-1.4737553782645514,Silver
3.2737839776302597,-1.0064141125587964,Silver
-0.8471288797573099,1.3819554306847726,Jade
2.2129537089891573,-1.0072712549128313,Silver
0.8318564574088597,2.5724302110874078,Jade
2.9926239217351265,1.9292490968528888,Jade
0.7614347639340847,0.33743164476021054,Gold
-1.8346437593774438,0.6405836456112788,Platinum
-0.8707326890720221,0.9786545744436869,Jade
0.3649909799528414,-0.6935342906922837,Platinum
-2.427990912696652,-0.20135059821993034,Silver
1.2218316292017057,-1.277810933865677,Platinum
-2.5469651567354075,-0.5184706955901043,Jade
0.2548881657387439,1.3496472158323694,Jade
-1.1463487791745783,0.10637565904188932,Platinum
-1.9007190371262546,-0.7222876604301119,Gold
-1.1469953651493814,-0.6674803931672806,Platinum
-0.13837687778147853,0.7281043309834595,Gold
-0.6865800445345392,0.6563456763374227,Jade
-2.4125739790993084,-0.603844236877941,Platinum
2.1163934406052705,0.08994534619098936,Jade
0.6821670842139154,1.39745586916101,Gold
0.9492393925311362,0.12694094631850733,Jade
3.4024799384174833,0.5106831759969688,Silver
-0.06074804663496241,-0.16711631692539528,Silver
-2.2202287760049426,-1.1489945891016895,Gold
1.0226552466435304,-1.2147637288231137,Gold
-0.017402722291305597,0.5484641798245269,Jade
-2.3323884173518907,-0.4649079894951778,Gold
2.81780731473055,-2.159030509268249,Jade
2.5497135090517533,-3.2262702639273013,Jade
-2.6425794346462235,-0.8230822942016907,Platinum
0.9833526430240188,0.7987764677652814,Platinum
-0.5682458576641064,0.26865940780448144,Gold
0.2132823225638866,-1.1404063149248254,Gold
1.0239015088763286,-0.3895221189554716,Silver
4.341684307135093,-2.5737739661116823,Gold
-0.8858711473514654,1.5474902240971957,Jade
-1.234199132777363,-0.4032669729079141,Silver
0.2949014526182892,0.36729438035512574,Gold
-1.3189081228451505,0.6132950391186833,Jade
-1.7986868373872231,-0.25385530934583184,Jade
-1.0039699874011603,0.7330551852633732,Jade
-1.1399918753424512,-0.6601577953691714,Gold
-1.6954423569232677,-0.5438925590660936,Silver
-0.4692461516967405,0.45797341709432837,Gold
-0.8961265617500443,0.6061109566792356,Platinum
-1.3182372125188424,-2.0430776849318164,Silver
0.21337177724708867,2.422342466982425,Jade
-0.16746871682273073,-0.002924457058640944,Jade
1.2230626185197788,-0.017900790688404097,Jade
-0.5376613125335987,2.0180915704401787,Silver
-0.9397933727346698,1.1982473122515858,Silver
0.6401425171285323,-0.5128068976789208,Jade
2.2591291661646387,0.8672220841804019,Silver
-2.2562373882575413,-0.14848269476928444,Jade
-1.6926125399571703,0.6074775364137471,Silver
3.045429115412691,1.2531910142388751,Silver
-2.509529584869249,0.08939006516413282,Silver
-0.7153444524411786,-0.15661351882817134,Jade
0.758873620808847,-1.7717857016971037,Jade
0.1702716519551989,-1.1516478876233616,Jade
-2.469784736860059,-0.10484817160748648,Silver
-1.7774413065838672,-0.17565901878944545,Silver
-1.9361725196345754,-0.20210967626033088,Gold
-2.925496754331383,-0.6763073613035002,Silver
-1.4755401386164948,0.34003333398343505,Jade
-2.6816365756303693,-0.3228229201621524,Silver
-1.9973150089456917,0.03894896651945863,Jade
-1.7128044143660337,0.019324169449721026,Jade
-1.6301949725219764,-0.260934271943411,Jade
2.4168631257783573,-0.2672129761456651,Silver
3.947530803898823,0.7055541643067057,Silver
2.473826027759662,-1.4593672210937998,Gold
-1.4259487630276904,0.04475347567841294,Silver
-1.536084866267538,-0.5781403254102305,Silver
-1.401960871175096,0.5999014717191584,Jade
-0.3179381469870446,-0.36535532436298124,Jade
1.0337611107279892,0.8917670261335174,Jade
-0.2191621572963698,1.239595086092279,Jade
-0.3503228380645364,0.9492337798947605,Silver
-1.7042594898264047,0.39012068290828406,Jade
-0.15603375629066746,-1.083553037431499,Gold
0.6256176646081764,-1.2884085512113337,Jade
0.8790659609443955,2.974688032686121,Gold
1.224886767058084,0.3740119842024311,Silver
2.22045029834188,0.12989700160882528,Jade
0.6331076059096243,2.8898457851923034,Jade
-2.490842013290602,-0.8242069090758938,Jade
-0.9117784571073987,1.1370685769640205,Silver
1.3512062055517595,-0.2785512840640093,Jade
0.9772673689590151,1.4274868527577542,Gold
-0.18331992059785152,-0.8733781818102587,Silver
2.8439486911068994,-0.2876482296287747,Gold
-0.5129982651759332,0.5189994214065388,Jade
-0.7662199212120292,0.6066276811453845,Jade
-0.04251788368337956,-1.2621759586725,Platinum
-1.1620797786640946,-1.2529405256438124,Jade
-0.33640128353137866,1.8152883121903154,Gold
0.6289280377940305,1.105001839668317,Silver
-1.3730559528782589,-0.24010896403563925,Jade
-0.6499453854189333,-0.023449374808299152,Platinum
-0.02634038004048189,0.8458880842454353,Silver
-2.698484270664591,-0.5962084068685789,Jade
3.5763694362024845,-1.0767134595596959,Platinum
-1.3869383435145726,-1.0526201082727262,Gold
-1.0819315824208342,0.6793812549224196,Platinum
1.6364162436246317,-2.0094020371104473,Jade
-2.3406274217442258,-0.5593995846943546,Gold
0.5886499271166343,-1.3834988181730061,Jade
1.2109689542541762,0.8787030499372266,Jade
7.9600339056206995,-0.34303832054118033,Gold
-2.5300001337567433,-0.057302765624629146,Silver
-1.9783380375882933,0.7293084205885617,Gold
2.9617205460050875,-0.7364469843963369,Silver
-1.9547506810793969,-0.8026043391927274,Jade
1.0689107590419016,1.4480431326005963,Gold
-0.7931280779539926,0.1045480157803884,Gold
1.7671401662636943,-1.1484942764288966,Silver
1.4738068293417363,-0.6903641731492097,Jade
-0.7598634836764881,-0.9366507549895202,Gold
0.5663467056159952,1.7074167228668855,Jade
0.9817014429201681,-1.231369340334384,Jade
-0.2016501558445851,-1.340172171335742,Silver
-0.3648326248707152,-1.437919836537414,Jade
-0.2629590603965614,0.4160616009089634,Jade
0.3263083187174557,-0.7055956944705789,Jade
2.64113070258907,0.33312703475352173,Gold
-0.39580788268474654,1.8085681694289188,Gold
6.724565943900261,-2.381537279100877,Silver
-0.43635086694598074,-1.2667919714869944,Jade
0.25572402335619493,0.632398755019376,Jade
5.016828114339833,-1.1595213426680608,Jade
0.7502697814336786,1.505371361489936,Jade
2.184941149621992,-1.3662884875561183,Jade
-1.2838260730901148,0.4273508288823432,Silver
0.08445271232098003,1.0203507840529495,Silver
-0.6876130789484746,-0.9441176500344731,Silver
-1.1502059992925533,-1.0469967732997087,Jade
1.0365548099237416,2.1213708574129893,Gold
0.7616990662733745,0.26464558483478556,Jade
-0.7226744941942739,0.6552966378341913,Jade
0.9585153560076285,1.690916898238006,Silver
-1.022929932997957,-0.2936968414246075,Jade
-0.5707241237011054,-0.14905494618303713,Silver
6.398120556475884,-1.2686977499804757,Jade
-1.9509329684590537,-1.0487758439851076,Jade
-0.31383030743553697,-0.6833524121649804,Gold
2.337809544170797,0.7545060315710429,Jade
-0.9929522521410542,0.7026517964000167,Gold
2.0435706738212955,0.49885344447473484,Jade
1.3493513027474262,0.4518858213120682,Jade
-1.780068510419594,0.053165739144943706,Platinum
-2.4023540258381813,0.019868582993103304,Gold
-0.9774602798494123,1.7623731505858884,Jade
-1.2340184999514254,-0.9066003621759636,Silver
-1.5645747994547452,-0.9316264506446982,Silver
-2.169223142464824,0.18406351324783427,Jade
1.400547939110362,0.08706675098398693,Jade
-0.5356632931360099,-1.6401293514646569,Gold
-0.6412726706545854,0.4219607450980047,Gold
-1.8591129449519626,0.1878903601003455,Gold
-0.13099430198571865,0.9929395827171884,Platinum
3.4430027459776897,-2.1062351997055897,Jade
3.804719855015986,-2.2012804001868984,Jade
-2.16892281103215,-1.2960628631264104,Gold
-0.3593596141239344,1.093088860924971,Jade
0.8099896235392842,-0.7128803304344289,Platinum
4.309753566456931,-1.0898323528619904,Platinum
-1.5098275709832876,0.5667820875513544,Jade
-2.2821692300733964,0.09011377809904346,Jade
3.7166001857813193,-0.9056660469194202,Gold
-2.354387138787922,-0.08911340424853732,Platinum
-0.5870391206484822,-0.6904700824845109,Gold
-1.2185008085583804,0.9198112538536405,Silver
-1.749646583548797,-0.9168418569167536,Jade
0.5596591371228976,-0.03992844322204665,Jade
-0.9259434419035762,0.5353134614258608,Silver
-0.5824877253104364,1.3783471061961083,Silver
2.3506923668048603,1.3694695517392423,Jade
1.3658271109812623,-0.055543015754033226,Jade
2.023917826394232,1.6718839234201244,Jade
-0.22233895464927328,1.2800011215549303,Jade
-0.7539690697852903,0.016368468691102644,Jade
0.552979593010381,-1.558003377777839,Jade
0.08528753151350568,-1.6138524306910123,Jade
-0.8428925961354584,-0.21355958849856935,Gold
-2.347105165986255,-0.9436425695048727,Jade
-2.550432654393429,-0.43454813445725027,Jade
-1.2578937004901802,-0.06167882944292011,Jade
5.7953853294434525,-3.726017345614155,Jade
-1.2205795248846647,1.0598315484202923,Silver
0.5573982666175681,-1.6265824278368248,Platinum
0.15760584154885732,-0.03271840836951978,Silver
-1.003721983886882,-0.7036564532578462,Silver
-1.385942918773445,-0.4936375111559719,Gold
1.1010726989445632,1.6026277888611566,Platinum
0.9466913972800605,1.9358348555974016,Silver
-0.8443961285762541,-0.8513185835341366,Jade
-0.4258091907222488,0.15122836039629636,Jade
-2.4017328107626605,-0.17468275913297443,Platinum
-1.1059894533987775,-0.8012345925700284,Gold
-1.4712640310328235,-1.2919073817313396,Jade
-1.4000438798377,0.14508634879768975,Platinum
0.8823665320868528,1.08160354661391,Jade
-2.846771282525469,-0.47198310692946593,Jade
-1.2831573617831677,0.790648038157592,Jade
1.1961659473309891,-0.9757652836259524,Jade
1.503272790635556,-0.09976667827519026,Platinum
2.6938182192938256,-1.4206414092063213,Gold
0.1611624920601148,-0.47522312823453355,Gold
-1.3310724235801068,0.5873103470166964,Jade
0.42564482208253485,-1.0457476430762451,Jade
-0.9804890156690794,0.4675006012142787,Jade
-1.3714721785818713,0.3811176363082439,Jade
-0.8710020727455947,0.21539756989601286,Gold
1.639730453888396,-0.5570674287429653,Platinum
-1.763633025126364,-0.5786136558699334,Jade
-0.3488455764640431,0.08837383713756303,Jade
0.26578448291941525,0.8114705011447534,Silver
-0.896680460445206,2.1551366310574998,Platinum
0.31968089231498426,-1.0409710213626593,Gold
-0.9632733976011717,-0.15961699385421763,Silver
1.106733020691795,1.4654654353402956,Gold
-1.2439116113170954,0.6779470148895126,Platinum
1.3060305786541717,-0.3894228564623514,Platinum
0.7694053951160112,-0.2553970392990852,Silver
-1.3350649158995243,-0.8257994982079988,Jade
-0.1040546885061767,0.7813277714404997,Jade
1.6844466625936585,0.054149281146322614,Gold
-2.1494443159010106,-1.3205264039856464,Gold
-1.7696772597807646,-0.2871744775011635,Jade
-1.0908846401265777,-0.10086620380574543,Jade
-1.1763245836937102,0.373402609173563,Platinum
-0.45495354529122645,-1.0195195951031955,Jade
-0.2738192533902068,0.28715228839685764,Silver
0.2025583354659256,0.06605050947937818,Jade
0.0012112502274403871,1.683745645305157,Silver
-0.9202010091606212,1.213825457310861,Silver
-2.3442815904025376,-1.4360703442478373,Jade
0.505366734381969,-0.28364953535222115,Jade
1.4085022474288216,-0.6525059765582858,Gold
2.7846734233195636,0.6024906493639636,Silver
1.74487933219707,0.6014947635115042,Jade
-1.848802890806045,-0.904939044598492,Jade
-1.631602772374513,0.37301931746612826,Jade
-0.356124498199314,-1.7716359441656127,Silver
-0.6288586539694391,0.08249836197299178,Silver
-0.590008890605748,0.45287356236512666,Jade
-0.9350283562183076,-0.7422864559253979,Jade
-2.143966170050931,0.04680457451293779,Platinum
2.3861613067847585,1.0539989538913872,Gold
2.1157370004389855,3.4482704780731046,Jade
3.135586527740193,-0.3929337892426459,Jade
-2.0620198173458175,0.22118105062800603,Jade
-1.6228603105798771,0.8990841273235527,Platinum
0.16009520967291935,0.340506496347019,Platinum
-0.6459773994583615,1.0120770199700626,Jade
-1.6041362218872086,0.4138838197348487,Silver
0.6551985814424507,3.3145353330752396,Silver
0.005587650277968985,1.3474283209156246,Platinum
1.3557197848865323,2.979471764985655,Jade
-2.3883501128525935,-0.34158898924824693,Platinum
3.3261911918996057,-0.8479703307066219,Gold
-0.557467846004649,1.409845124401886,Jade
2.6694995041627156,0.0776670532536564,Jade
1.8076094318471854,-1.8130311585563168,Silver
-0.5942005897480986,0.807677920793428,Silver
-1.2774463354005108,-0.7144889567294727,Platinum
-2.0958742034134565,-0.4099581233021038,Jade
-0.3856218185806342,0.8427401571470379,Platinum
-0.2329535212411588,0.5129452916257443,Jade
1.290939480503409,1.4374503902697668,Jade
-2.2846782680573887,-0.3000976945986223,Gold
0.21093372936423924,1.9652217488912516,Gold
-1.3831267922330814,0.7288581551714758,Gold
-1.719467999830226,-0.05992660215588025,Jade
1.1257529903498376,1.9611902390332876,Silver
-1.8166739737635489,0.019504863499188896,Gold
0.8672771665027679,1.533392486334458,Jade
0.8204800095374764,-0.07088932942288322,Jade
3.036153085542665,-2.295572069170346,Jade
-0.07806570533767687,1.130141861149004,Silver
-2.512498208069435,-0.28585410911620834,Gold
-1.0813145798503443,1.723036635823753,Silver
-2.342176290732689,-0.9766354275226818,Silver
0.247682149951494,1.533040268671897,Jade
0.23745915330733827,0.05252814847877869,Gold
-1.6416217303611433,-0.4490889687394086,Jade
-2.566233444649321,-0.1386038082757809,Jade
-1.243368218870396,-0.5683571044303873,Silver
-0.2669358511598503,0.5469308672016117,Jade
1.0611195266523796,1.666405518266435,Silver
1.8245374884760777,-2.6641362936328528,Jade
1.6331743213207108,1.0506869225228344,Jade
1.3349924844185752,0.8407475008016105,Silver
-0.9070324134753809,-1.0499435270955306,Jade
-1.3068880472944369,0.5025650255543922,Jade
0.5394102317485489,1.435293309088717,Silver
-2.800729022070727,-0.8988370140397807,Jade
-1.6114837337796968,0.6830666855276513,Platinum
-1.3592371574949431,-0.666387959545452,Platinum
-2.489845789373365,-0.4245246432553738,Jade
1.1123628875130602,0.05068195544655003,Gold
1.7485630221911377,-1.7681459112817008,Jade
-0.8399770978059412,0.0609251454206208,Platinum
-2.359051224026765,-0.20408759984080363,Silver
-0.1543126023224368,-0.6532226214175141,Silver
-0.7273466802181004,1.1832519040359664,Jade
2.3742534663049666,-1.1614721743948713,Gold
5.255077300355569,3.2519609515123036,Jade
-0.08442935356035403,0.302814840034791,Silver
2.5780755190164095,1.1606392914785075,Platinum
4.1692144743238835,0.9590122983503692,Silver
-1.6724247837416852,0.21601534981594844,Jade
0.6788208509493492,0.14791425441438882,Jade
-0.810128192910867,-1.30470362819143,Jade
-1.8455974512537454,-1.1015538263433142,Silver
-0.15644135730788378,2.082447417525736,Jade
-0.16892540445338713,-1.4591564655786413,Gold
-1.8112499334596428,0.4907568709080369,Jade
1.4046551782430854,1.9326392017379737,Silver
3.743379471535792,1.5552956611994018,Jade
-1.247600763293399,-1.2921227804941509,Silver
2.7494688939555463,-1.1469961278835819,Silver
5.387395503092441,-2.6329479246019156,Jade
-0.5025784022813019,1.6519153564062872,Jade
-2.342389941070056,-0.422773153309538,Platinum
1.350225408021068,-0.19682863080960533,Jade
-0.8282337563494144,-0.6832364429923697,Platinum
-1.294794453142178,-0.6053846636866915,Jade
-0.3439469781745826,1.412436921406836,Jade
-2.0021853563709846,-0.06931546530710282,Silver
0.47870045681373613,0.10484870400205483,Jade
-0.11198317509184325,-0.08450535375729264,Jade
-0.8072416121121244,-0.03883303208285452,Gold
2.956591755805429,-0.2927873570575774,Gold
-2.8746192718625503,-0.25810288613604504,Silver
-0.9182901447400328,-0.5526306067616717,Silver
2.9433240405331316,0.7219874969391624,Silver
-2.2780061901108812,-0.16486543886978464,Jade
0.31818743247141174,0.06268149479899109,Jade
-2.1063037765774797,0.43275155267442766,Jade
4.448866468702129,-1.459314638442591,Jade
-0.8491812832714855,-1.1358208312828877,Gold
1.4655818889256529,-1.0001947806350764,Silver
-0.7090476981901122,1.4382568137456897,Gold
2.1814758310809106,1.3592642015778138,Gold
-1.142856179092467,0.18820314236509747,Jade
-1.9142619556819342,-0.3524653311179053,Silver
-2.4722937510522542,-0.41674882296866517,Jade
-1.2560148016739145,-0.1407506378542917,Platinum
-2.3059619525598163,-0.39774734800179445,Jade
-0.43304147000036947,2.679646123234845,Jade
-1.877060030547739,-0.09774511855179803,Jade
3.820476297709524,0.6076695549469043,Gold
2.506674097034594,0.6994168337978485,Jade
-2.635876337608823,-0.10710706345725761,Jade
-1.729108064958359,0.5659548440924287,Platinum
1.505099618362609,-0.40329418118568,Jade
-0.13337827711942085,0.6061891343026182,Gold
2.5631421385715725,-2.572104455438009,Jade
0.06878381808479381,0.6410717534233602,Jade
-0.011687035011231122,-1.5079367101952021,Gold
-0.798415438327943,-0.7576667066490466,Jade
-1.7419250933018282,0.30630526201446634,Jade
-1.3548640937856122,0.5846090947889828,Gold
1.9102685159805528,-2.008221588149091,Jade
-0.5331213083004506,1.3994959897878658,Jade
-1.1403546640076276,0.416451721359846,Silver
0.8129372281298828,2.144528196220212,Gold
-2.0946913171291413,0.22994269703489711,Jade
1.8442864759823612,-1.3167295131693826,Silver
0.17950839620866207,-0.7321864539227873,Jade
-2.467112568748143,-0.09981173890850249,Silver
0.9259471675249117,-0.38012556305613643,Jade
1.9392040491067397,-0.6565078794496055,Platinum
0.10484897886038408,-1.647800819652911,Jade
1.0423955521548471,-1.3250281840947182,Jade
-0.7327682445094844,1.408000454107657,Silver
-2.167738782459199,-0.493978097889543,Gold
-0.21472731585112204,0.8796686909613953,Jade
-1.9846346522366491,0.29459028062363524,Silver
-1.5696395186756757,1.0870305922519026,Jade
0.2313256804280947,2.137889381666737,Jade
-2.7613627462497465,-0.2961935355723382,Platinum
-1.5211066382417795,-1.0109181155661726,Jade
-1.1555769938149922,-1.21810036959587,Jade
1.940944617882732,-2.008329700361948,Platinum
-1.2236100160453813,1.4967051677106213,Jade
-0.458246971089266,1.1393310001263297,Gold
0.9734951290993472,-0.3217369954198144,Gold
-2.5909897158276793,0.17314862615220325,Jade
1.7602098312719618,0.7977746841477908,Gold
0.6664787976259251,1.448832811960473,Jade
0.6464595826770669,1.8159982443522815,Platinum
-2.5744204110343936,-0.6070773689678525,Jade
-2.2295726590368066,-0.5155167288230675,Jade
0.7526654450456142,0.9747580233665625,Jade
-2.016073270115042,-0.16891643218723923,Jade
-2.5095968955351426,-0.29518401876333367,Jade
0.03160928365470878,-1.020214412379631,Jade
0.39422593160494745,0.5413238566195641,Jade
-2.4584704363685845,-0.555511191557608,Silver
0.6941027426810508,1.4099568852194948,Silver
-2.395291311703186,-0.45229606646722564,Silver
-0.7174785430656689,-0.979538928892759,Gold
0.1153897439474216,-1.1120078968536382,Jade
0.9442445515301147,0.634802627185727,Silver
-0.5254394876875383,-0.5252521034305156,Silver
0.9418430011903972,0.1897206151437159,Silver
-2.4349875149733275,-0.45931449406030755,Gold
-1.138364260047462,0.06008319739095626,Jade
-1.7582476859344622,0.08240142742972875,Jade
-1.8435990969896137,-0.29085196271002944,Jade
-0.02747801995147422,2.1925535469259168,Platinum
-0.5517303722947698,1.1398852486990816,Gold
-0.6073058719299731,-0.21386441772617726,Platinum
-1.8039346730616403,-0.47021084244815786,Jade
4.312755864708232,-0.5425706090338986,Jade
-0.8666616764832553,-0.2567951771661024,Gold
2.909775130915408,-1.4604290527964847,Silver
0.805488287560268,-0.2716205915757198,Jade
3.6519990670977105,-1.6688921566395896,Jade
-1.3935870315741299,-0.29717813313289987,Jade
-1.858322173534924,0.5563816980997828,Silver
0.10012832944540748,-0.6190343127208003,Platinum
-0.03400144388225384,-1.2584009152857103,Jade
-1.3506040671510398,-0.6198492894362335,Jade
-2.1092323363204484,-0.7001025313830603,Platinum
-2.0964926261608854,-0.1162095376918714,Silver
-0.9198179775587293,-0.8744073801946088,Gold
-1.7974869927018644,-0.619280506541454,Jade
-0.6210903148694413,-1.2766949548004733,Jade
2.3512848400052224,0.4309747737264865,Silver
-0.2644040194237986,-0.9237282843219071,Jade
3.446856674272966,0.5578751222309429,Platinum
-1.0037215595847377,0.02698820338294846,Gold
-1.247114263312694,-0.8350689355726394,Jade
-0.613070612597758,-0.11401430422258865,Jade
-1.2239652767267637,-0.08108914643671483,Silver
-1.3262887389591782,-0.4966889393215904,Silver
0.8782235247993925,0.45539206467191995,Jade
-0.8540113379239989,-1.4116563789771361,Jade
0.30478797684968745,-0.6871284160518789,Jade
-1.5369400268184867,0.37155969760238994,Jade
0.5614059445079459,1.40279123485049,Jade
0.006882048227490241,0.18511081226612333,Silver
1.5080204020270411,0.5784534515090661,Silver
2.608975637378493,-0.1624917133766844,Jade
0.49755533699082605,2.4470577148772694,Platinum
2.0153940893938467,-1.3620225263831884,Gold
-0.9759738212778296,-1.156398912100355,Jade
-1.7239586302540313,-0.5684368378633478,Silver
-2.027375115013779,0.6890896077522757,Jade
1.132800119418285,-1.353374262719157,Silver
-0.5306303589882242,2.2825982087308185,Jade
0.15364576869700314,-0.0670929572729911,Platinum
2.761810439400834,1.4716165724885426,Jade
-1.8108832883530797,-0.6946426556385749,Platinum
1.558738518898627,-2.000116362326878,Gold
-1.7131072190838912,-0.9853123000995797,Jade
0.196633426792935,-0.2044735737146433,Jade
-2.1381637264602014,0.05084999502230013,Jade
-0.1691060319216172,2.5274484355729627,Gold
0.10857512431538155,-0.8671233472324215,Silver
1.1656083794920482,0.7701487428132714,Jade
-1.6497626189805432,-0.9504264034507274,Gold
-1.8817356658758146,0.2520552403014559,Gold
-0.31222080257961543,-1.1280787894285187,Jade
-2.845169460668769,-0.842016335977792,Silver
-0.26062068014394574,-0.038024089047086804,Jade
-0.9601136158946382,0.23824781805325768,Platinum
-1.3790028428508099,0.12536801205704895,Jade
-2.2853726344162912,-0.9096050142633593,Gold
3.4888855733486515,-3.227674886093195,Jade
-2.422667770278003,-0.19271820470753015,Jade
-2.29264574924636,-0.1120020881440264,Jade
3.167540933670011,0.26582059418342463,Platinum
-0.6137343316063444,-0.4203077893055186,Jade
-0.10782447396750577,-0.6252894718143268,Silver
-1.7104126423541985,0.029127966440913207,Jade
-1.689811577501834,0.42416353680990504,Silver
-2.1921523116679302,-0.4976498438240637,Silver
-0.09683075381991763,0.2019523995231776,Silver
-0.8491236579410386,-0.8690956927300468,Jade
1.6429498536546,-1.1702865007778398,Gold
6.530013821349287,1.1620350170237947,Jade
-1.0471417545242083,-0.4438420915455058,Jade
-0.761584201065251,-0.141409116205103,Platinum
0.013802796012608424,-1.196097079988127,Gold
4.367510560250729,-1.4322583155951412,Silver
2.024150760339478,-0.5878093497629089,Jade
-1.763854656882183,0.453468318534616,Jade
1.694398620746132,-1.021686011109588,Jade
-1.6740190251761164,0.04253712793978444,Gold
-1.8049234900031508,-0.5978712663833812,Gold
2.184078430747094,-0.0839629081825712,Silver
-1.575804927829205,-0.9398396542686878,Jade
0.2553462543973162,-1.3025988971107165,Jade
3.5849357842084175,-0.31899498574905993,Jade
2.0622435870951215,0.42021446561136994,Platinum
5.6853214580495965,-3.137560928705215,Platinum
-1.7446684371546686,0.2402810292165597,Jade
-2.0143282606582398,-0.4729317248399414,Jade
-1.7575384937415175,-1.4353500616764143,Gold
-0.45387544290635246,0.6581897330076868,Silver
-1.8474312856416422,-1.1446894096132816,Platinum
-0.05254447018388624,0.5451889576399742,Silver
-1.7458756053492936,0.2936032618445966,Gold
-1.5676404806673512,-0.5603185142315803,Gold
-1.351611242673894,-0.21762289596120415,Platinum
-1.7137987433286073,-0.1340173511527313,Platinum
2.2383541209060733,-0.6775524384336868,Jade
-2.376140069097949,-0.5642386592476956,Platinum
-0.07318704636936452,1.1041424094104288,Silver
-1.2466865956383244,-0.4616077669535888,Jade
1.753315954214262,-0.9032686419598493,Jade
1.7191093348472024,-0.37710183202326547,Gold
-0.14021189843310672,0.5482405467104479,Jade
2.7595406454036087,-0.19277601244014797,Silver
5.58533688810361,0.4171057665119723,Silver
-1.712940956864343,-0.5297623251708548,Jade
-0.710822920818805,-0.24367603319797387,Silver
2.456177617271077,-0.4159037886065521,Gold
7.872767600937904,-1.266353707812979,Jade
0.8218648057657755,1.1076966654257192,Silver
3.1133540189826308,-1.0212548022696062,Silver
6.7712238764744885,-0.7104576236739135,Gold
4.3620177259904205,-2.000574601526842,Jade
-1.298448339647415,-0.7279324181825746,Jade
-2.2297311519822482,-0.4993012897435041,Gold
3.571937512832056,-1.8446044960324486,Jade
-1.3654179074540458,0.5689326464009072,Silver
-0.7293823429716533,-0.9286920928102477,Gold
-2.5349463898221845,-0.5463625650511433,Jade
5.71644133302994,-1.7082984630877023,Silver
-0.6479267731701701,-0.457450748971274,Jade
0.8529615914118321,-0.0495642202274117,Gold
3.196829014003451,-0.6625106165708644,Gold
0.7084037348851279,0.13156757258728857,Jade
3.345143295282033,-1.6825505653826656,Gold
1.502992511217457,1.3657999771293188,Silver
1.4100753948950437,0.6679018046857441,Silver
0.3789169549187917,0.0600137335920785,Gold
3.760076977956333,-0.46117380698153887,Silver
0.5622502843774477,0.9705716371535558,Jade
-1.8659133454879646,0.5737309432109322,Jade
-1.461597575730341,0.39029123550151296,Jade
0.0683601228353374,-0.9028165409665239,Gold
-0.28310944263057997,1.5439234932809958,Platinum
4.771390788554753,-2.1290938810688504,Jade
-0.8481760755833231,-0.7325976245639804,Jade
2.171794210516259,-0.5726946011312082,Jade
-0.7758204064662678,-1.0118747823127197,Silver
-1.1475366461265815,-1.329262524686245,Silver
2.9421140958300027,0.3322313988879184,Silver
2.535831614850711,2.313899060710575,Platinum
1.9020207696459481,-0.005194578106738762,Jade
-1.9059435856490792,-0.02505143687682876,Jade
0.4523819895609626,-1.1979732558447762,Platinum
1.7101223391676545,-0.2663609299407177,Silver
1.8065058254417712,-1.9451112965709427,Jade
-1.5583717910462547,-0.05047578238005197,Silver
0.4476451817093298,-0.1194420709075844,Jade
2.8873829683414765,-1.397748930431614,Gold
-2.54735244447035,-0.15864443467225858,Silver
3.8714303944240487,-0.8896791255584047,Gold
-1.055017864555719,-0.8034416177913353,Jade
-0.8544907987114148,-0.5464527341870835,Jade
-2.741458140741181,-0.9923310919371622,Jade
1.2571202769359253,-2.8321507424380896,Jade
0.9749244069954485,-0.5409918512444348,Jade
0.9741424842594527,1.5545372626315601,Gold
1.3989871098264068,1.7398003657759924,Silver
-2.271058787715988,-0.8541345304713519,Gold
0.5346206780825756,1.0648336999088621,Silver
-0.8094487185003846,0.5674107887027646,Gold
-1.3642606764558507,1.3016770935987034,Silver
0.18230292097985168,2.502843926385114,Silver
5.318647607853682,-0.7003686932089705,Jade
2.2523977133145836,-0.9974915255599429,Jade
-1.6090248693125238,0.45445099915171555,Platinum
-0.7014401410431913,1.5507964820418523,Jade
-0.3878863776763043,-0.8864223625213895,Silver
-1.590424093764728,-0.7948434170638407,Silver
-2.073470789354073,-0.145397810249129,Silver
1.3576682346900333,-0.9958736812762833,Platinum
-2.656495796189122,-0.262301658997366,Silver
2.5566023675927934,1.5156168736123539,Silver
-2.0333425383729176,-0.8196860880900396,Silver
1.5756852171325368,-0.5715471824714842,Jade
-0.9288552427275217,-0.9352523593843887,Gold
-2.415480596492089,-0.340198155665529,Jade
-1.846125470954371,0.11113077720673985,Jade
5.201590178588003,0.4445919629635442,Gold
3.325928117259017,-1.4838598059045875,Jade
-1.2614012659270109,1.079671606377636,Silver
-2.209160901522847,-0.08410787319051143,Gold
3.7808882151447203,-1.3976732244229197,Jade
-0.7519868851968784,-0.048377711709484766,Jade
-1.7668324532588309,0.31150770669489436,Jade
-2.7250647840106774,-0.3695274627326399,Jade
-1.2870357215148172,0.016454057561509042,Jade
1.0178654229726647,1.3494333346668896,Silver
1.244532708879519,-1.1863548544517784,Jade
-0.46493727155628006,1.3851432241543862,Gold
2.4486491247118822,-0.11614939024855411,Gold
-1.5507429264380832,-0.8673067770024167,Jade
-2.248845319644443,-0.6427236656755482,Platinum
5.759484517926221,-0.97376401314851,Jade
-1.0079381393176483,0.7033269520188736,Jade
-2.48881297638654,0.26325605060825163,Platinum
-0.88907512076909,1.334768429502877,Jade
-1.867385054294833,-0.42412131655056823,Jade
1.1107006322270543,1.223938659999779,Silver
-0.8322233135254736,-0.8646660483538148,Jade
-1.9766909222137699,-0.0007279678634977551,Gold
1.5278739206472864,-1.26956761458318,Jade
-1.4041688094567857,-0.40620089644984936,Jade
0.8211705273992064,-1.099615416207993,Jade
-2.545137391012081,-0.5536587810975169,Gold
3.870344377315849,1.2697617893360913,Silver
-1.1479752234553162,0.7318425251380107,Gold
-0.049736995304024166,-0.4114729692887336,Gold
-2.5075410592836773,-0.7408665361785699,Silver
2.0969667509935244,-1.317245315160229,Jade
-1.3749322731926945,0.43011936793871547,Gold
1.8486539970228184,0.5819750183134532,Jade
0.15109865501394412,-1.2178639329379584,Platinum
1.3875596622932007,-0.6933231922453041,Silver
-1.4531343352949346,0.2651046636608189,Jade
-1.6285811670581947,0.6837486634738881,Gold
5.078417511277054,-2.971306569227377,Jade
-2.0221659128703666,0.2573356043987074,Silver
-1.3614528919507831,-0.6925218142258064,Jade
-0.5334388595232319,-1.0213065661893257,Jade
-1.9629095046111023,0.8314549092571988,Silver
0.7232074207759913,0.614875381706991,Silver
-0.8149941381786663,1.0256844547909754,Gold
-2.3658068853375984,-0.8059782144734012,Gold
-2.40589058365752,0.08814118929436114,Jade
-2.2042120203574473,-0.5299737713626781,Silver
4.36782414261655,0.8719346616515355,Jade
-1.5759540839141235,0.11996317363630306,Jade
1.2059225315691575,-0.39967473187515734,Silver
0.04678731145274923,-1.23739098175654,Platinum
1.7491527453157887,-1.7597419584810203,Jade
3.3176100606706385,0.44640485544847214,Jade
0.1749128613209821,-0.23939958369208145,Jade
-0.40934301670874806,1.4939283259004879,Jade
0.1250284710855118,0.013240409246575394,Jade
-2.111563063742231,-0.5136398769382979,Platinum
2.4651916960416327,0.7332837463960615,Jade
0.08279424720012583,-0.9502605157460713,Jade
2.526493201294439,1.1822345098981801,Silver
-1.1359253258148612,-0.19157182670999448,Platinum
2.073099580513325,2.8142501565882205,Platinum
0.5679878215226246,0.8332285602012429,Jade
2.268253664853363,-0.5040277775530169,Jade
1.2744710336447376,1.0795332629019343,Jade
1.7556462636263663,-0.12150913416606375,Jade
-1.142437836720983,0.11933325121093921,Jade
-1.7265604883164476,-1.0137395935459477,Silver
1.6757290643812426,1.975949968648054,Gold
-1.1294268499816325,0.5086072478671226,Jade
-1.8227176567327095,-0.5702620214752551,Silver
2.908314024506794,0.043730252357964614,Gold
-2.0631687211037812,-0.023362484745780093,Jade
0.4137983476983272,1.9237872591490623,Jade
0.2676698436901663,1.7086704705447406,Jade
-1.648565786829324,0.08372340997511984,Silver
-0.29980245224460006,0.5277097420407083,Gold
-2.126910535704269,-0.1351293009382892,Gold
6.463511913149947,-0.3181140382415181,Gold
0.9798705420841014,2.214928157227014,Gold
-1.66108233344755,-0.946030929574406,Gold
-1.5267044835306913,-0.4053161428446298,Jade
-2.9359639871740693,-0.5650787153769635,Silver
-0.6778330995621139,-0.45492884100912206,Jade
4.671789015511808,-2.5931736662429516,Jade
0.7947423500312204,0.17519530030229702,Jade
8.391915898921154,-2.2263635526811436,Gold
-2.56733437058032,-0.9068801698879376,Jade
-0.9049978127015853,0.0952485148096506,Silver
1.2979855566651093,0.8694964387281203,Platinum
0.14084828358821877,0.1525416710935527,Silver
-2.683961548762949,-0.1656430317379665,Jade
1.8443697503509475,4.497320680831327,Gold
-1.6161688085374806,-0.2781538754040946,Silver
-1.8622421241176272,-0.13485947030499407,Silver
2.6432948583191846,-2.0102847988259214,Silver
-2.2602688130383655,0.15320304804627388,Jade
0.5853198254752708,-1.0305907188920518,Jade
0.025551339023314263,0.9963021441612829,Silver
-1.9937041397623436,0.0873537373396138,Gold
-2.641022618436333,-0.14856922628300315,Jade
-0.17086178872847343,1.8061883188089551,Gold
-2.971967066946083,-0.5924886150166864,Jade
1.363402129744025,-0.6701277788172861,Silver
-1.3539738359619904,-1.0403294419083757,Platinum
-1.1761251285080634,-1.247874861370558,Jade
-2.67069664343623,-1.033620957401866,Jade
-1.6518966730747415,0.22168390534089588,Jade
0.018912528465649368,-0.7588585427701,Jade
-0.7304934420210326,-0.2561331785986455,Jade
-1.8897921084213178,-0.8035084906940706,Gold
0.8837855298397944,1.3800795637648724,Platinum
-1.629556625493543,0.3221206831068214,Platinum
3.513632908008944,4.40107808429403,Gold
3.441886874319424,0.4303963200988582,Jade
-1.5223500183113152,-0.4131960637536356,Jade
0.9735342018845491,1.9548422320536343,Jade
0.48649427281213564,-1.4433935223349739,Jade
-0.33169125150715284,1.0802086055823912,Gold
-0.7812306362642922,1.1383537564194381,Jade
-0.8854787251516275,0.6850765676442439,Jade
-1.4563920589507868,-1.0226337209816039,Jade
2.229369890890711,0.2177144820847567,Silver
-1.695161282615924,0.5854786189704885,Gold
0.018384626283646652,1.2475642468571921,Gold
-0.9078001122735493,0.24331024949689212,Jade
-1.386364098254024,0.4591096464050711,Jade
3.200472536517122,3.803593867813526,Silver
-2.6023465171535096,-0.7309543476639928,Platinum
0.8849182508018226,1.273339437696299,Silver
-1.3927854269627888,-0.36731840575113905,Jade
-1.1335272662308165,-1.0564549984725733,Jade
0.17411677472812542,0.14517573847901735,Jade
5.960312955698004,0.35605411740910925,Silver
0.8168661573046418,1.9689382908796251,Platinum
-2.534627871369256,-0.23342671455403255,Silver
0.15194616773740574,-2.2860057267509197,Jade
-1.9039429898325337,-0.6613933157660626,Jade
3.0217991737500576,0.5216976199529385,Gold
1.1330869516129436,-0.7957600249892227,Silver
0.2145635301577395,0.045864256076986645,Jade
-0.5227440267802219,-1.7793586932640495,Jade
1.9710411929966938,0.422810040258995,Silver
1.8849499479811764,1.3298668662406732,Platinum
1.9841941812512898,1.7791132900542852,Jade
-0.4755210476040405,-0.17446458342108812,Gold
2.285843549850009,2.2464245270124357,Gold
0.29014700896559237,-0.12710950325021134,Gold
0.6204464700588017,-0.833917215045162,Jade
-1.628283897236045,-0.39472521565940843,Silver
2.8111341363723126,1.444415007569829,Jade
1.1190917435038858,0.18759369006924578,Gold
-0.9851803137255494,-0.42745150053368186,Silver
-0.34442052992899014,-0.9401947101658162,Silver
2.175033584516009,-3.35292161974327,Silver
-1.8242885027071372,-0.053550565262644,Jade
-1.6956573882026682,0.34221657702352837,Silver
-1.8364384240936131,0.26366738394427613,Gold
-0.762565816261868,-0.586651182640607,Jade
-0.13209862470304964,-0.8751527674687577,Platinum
-1.2339695479196076,-0.3107603900787135,Silver
-1.1049777138136079,-1.5764628623547858,Platinum
2.6963919213075496,-1.6153413869836295,Jade
-3.0355373787832134,-0.6554597124259225,Gold
-1.2657271402918249,-1.4104108591051496,Silver
1.0905069885765637,2.8305585150713237,Jade
0.3062996383559113,1.5866550098608507,Platinum
0.8868176494109461,2.0720256248463493,Jade
1.247081079777392,1.1207887989452674,Silver
-1.623343425680104,-0.27852538456142745,Silver
-0.3884126479556414,1.4409113203738806,Silver
0.8763157449448621,-0.6830350936706836,Silver
2.577025683353161,1.0222639057788392,Silver
-0.2301706248411769,1.5372880284794896,Silver
-2.4050593100425406,-0.4972149596259628,Gold
-0.3931531911485531,1.5194202015079552,Jade
1.2551804819202244,0.3605590328646082,Gold
0.45112847253444427,0.7143910476205221,Jade
-3.120340563417209,-0.832807845900331,Jade
-2.791070450729542,-0.048607535305892166,Gold
-1.0721881992884326,-0.010826340741747376,Jade
-2.780144134957563,-0.8626873872684573,Platinum
3.4022736236296414,0.14759244817536063,Jade
1.299727217654122,-0.42014865925236344,Jade
-2.498342070188591,0.0753282381567416,Platinum
0.02268500881364788,0.040861064029404606,Jade
1.1200730262747078,-1.4576800231343272,Gold
6.391049453457003,0.1122319204997138,Jade
-1.379710400213027,-0.622352881940661,Silver
-2.003929021899414,-0.7088706051048532,Silver
1.526302576024937,-2.7096013535774923,Gold
1.6993808967012187,2.310919881995849,Gold
-1.2332374724093933,0.30495894644616617,Jade
-0.5308832944772671,1.2370516617245766,Jade
-2.4547751684900705,-0.33804699233450464,Jade
0.999765749321895,-1.8456599137631156,Jade
-2.771840608169519,-0.3085311303275048,Jade
-2.891110140650271,-0.5169969918046007,Jade
0.5678708590272408,-0.3750073477186153,Platinum
-0.8440875194963064,-0.6366633009913222,Silver
-2.487494690435868,-0.7488913913826021,Jade
-0.17687479467162426,0.7782533385428365,Silver
0.9221321472890049,-0.7791134460132816,Platinum
0.5353499076269569,-0.4275748373519854,Jade
-0.24813027158613704,2.23500418110556,Jade
-2.5922156562393384,-0.0456245532861775,Silver
-0.6997499834973593,-0.7355483618259853,Platinum
-1.4123168780714757,-0.6428557100123669,Gold
0.4904619681823127,-1.5187087567865658,Silver
-1.5854391483498376,-0.06094633373279207,Jade
-0.7918523395871517,0.7267983561968093,Silver
2.842215330507197,-1.9725616560103396,Jade
1.2048511696526343,1.5594118578741492,Platinum
-1.363890314966473,-0.796187118210983,Gold
2.805495710483561,1.6868286881715406,Gold
-0.5093671680404833,-1.2445112832194485,Platinum
-1.8382305138023562,-0.07502082144323445,Jade
-1.9315814020596234,0.5770682276727455,Platinum
-2.098509611291893,0.3966866875201617,Gold
-1.6273086156934369,0.6776791679357762,Gold
0.742103635625209,-0.3826464206151864,Jade
4.4813323502660065,-2.047626821907672,Gold
-1.686171433106286,-0.08764228388543119,Silver
1.060388958956317,-0.6678364160728077,Silver
-0.22784027420175068,-0.4329135402675808,Silver
-0.5282259802594321,1.1044076457746694,Silver
-0.6003379265729983,1.1688479856046732,Gold
-2.734076519057997,-0.682140783039735,Jade
0.6884660250571512,-0.6805315189274579,Jade
-0.5853844950285367,1.2305501517322828,Jade
-0.3750838168673017,0.17893521609272,Gold
-1.4263664688999427,0.0707974873618723,Jade
-2.1320881440190376,-0.29154874797316493,Jade
1.7930812573968962,0.011419540845471157,Silver
3.404830346294125,-0.6881154727092385,Gold
-2.485768461823322,-0.330966684139391,Silver
-1.7567367429099003,-0.3595799901607612,Silver
-0.24996188794392937,0.9429162930774783,Silver
2.2363053201783716,1.317342521043302,Gold
2.332770312156085,0.8453160955220219,Jade
0.9984926717070124,1.09419203677713,Gold
6.435974734955888,-1.7183885808492345,Jade
-2.0395213980393643,-1.3125629155802108,Silver
-0.13155935108549405,0.824272470422227,Platinum
-2.1781509544729865,0.16999652011461747,Jade
1.464198244283477,-1.1893904289695048,Jade
-0.23471343082013285,0.6896423684018831,Jade
-0.9447895318601373,-0.1805066113751156,Silver
-1.4845012441596006,0.5199877333622945,Gold
-0.37452267049081167,2.9413335262756926,Silver
0.6508767388568589,-0.12891971539337474,Jade
-0.6699728049145951,-0.27356908717247685,Jade
-0.25611098403775495,-0.25066399609861584,Gold
2.5920376392391815,-1.3432474292137127,Silver
0.7154711658457404,-0.12292477944565895,Jade
-2.2799143824470693,-0.43093351655392104,Jade
-3.2121548127061867,-0.7523210005778618,Gold
-1.7201547650367248,-0.7822020058728553,Jade
3.0911478849229375,-0.6214569171642276,Gold
4.378666340904708,-1.33711329859804,Silver
0.5804242450816374,-0.5073303218710253,Platinum
-2.7147919787483255,-0.3100443329806758,Jade
0.5438626601305174,0.9291888452733708,Gold
1.5897593669457266,1.0525804007580586,Jade
2.8320313161106094,-2.7354449662256135,Silver
2.2356549157385364,3.331789650257253,Jade
-2.628171003420259,-0.049405274964673215,Jade
-2.0719180264695143,0.10006718874473068,Gold
-0.26309434599789866,-0.879049168977638,Jade
-1.3141451675754814,0.04157403871689916,Jade
0.3413144483969736,1.471718591767101,Jade
4.233849924844816,-0.5218208702602226,Jade
-2.3101018720255713,-0.5672527681484805,Jade
-1.1626390308501904,0.6809274714510924,Silver
1.5392962160166472,-0.580033722428983,Jade
1.3181218089668594,0.43342022047193784,Jade
-0.19846783692845466,-0.6584474132435121,Jade
2.64439266454997,1.6950021861673303,Silver
0.16874929681005812,-1.028048015105765,Silver
-2.36468999848468,-0.37994628173400546,Gold
-0.7437544764791559,1.1250431830372603,Jade
-2.59351371890211,-0.11744323450367979,Jade
-1.0374309843618836,0.8440691192257784,Platinum
0.361250210063988,2.780721233536392,Jade
3.7609335311618697,0.03103505040011441,Silver
4.599136717561821,-0.9910409919511247,Platinum
-0.2926928263986095,-0.6763123264395292,Jade
-1.3041363416098222,1.141525219840646,Platinum
0.775780425894673,1.9706856923178546,Jade
-0.949327889324573,0.4563816813033435,Jade
-2.359186157840791,-0.4541805022160998,Jade
-0.20947081810302054,-0.028540790890028776,Silver
-0.5433754297090564,0.826372410096904,Jade
-0.17452322816167848,1.0061295216308697,Jade
1.3180885736911172,1.1415061371294013,Silver
1.965613947175643,1.479580943102711,Jade
-0.6252757007417483,0.6411441379314713,Gold
-2.145176360155825,-0.637487797705167,Gold
2.6752287069507723,0.32330276404405656,Silver
-0.895213895477741,1.0218306738668992,Silver
-1.314691176835693,-1.1822743794195432,Jade
-2.0821016903218537,-0.717282844118322,Jade
1.6159826346438928,1.7155820627333687,Gold
2.238861834958929,2.5167668854473133,Jade
0.4193581004631695,-1.0305250817084648,Jade
1.1933450104780474,0.5007072704725539,Silver
-1.676976151436595,0.44133588590455536,Platinum
-1.38559938901651,0.6664535232960467,Jade
-1.0899012050830423,-0.5029409402877416,Platinum
-1.1762938205148163,1.0390271190964326,Jade
0.44843660595037443,1.0737485519175654,Silver
-1.3104277775548208,-0.4821621396195966,Jade
0.5172342447802779,1.5026807206746382,Gold
-0.5887731348705693,1.51009469769974,Silver
-1.6888699989902143,0.6433575410250244,Jade
1.2954754793940935,1.1029983645047483,Gold
-1.53434969739123,0.6056854543934914,Jade
-2.2499234939813357,-0.30343133234894376,Silver
0.8116142140982129,1.668964209275988,Jade
-1.328843756543547,0.822385220431678,Silver
-2.274900505409167,-0.6703673426098514,Gold
-2.2113399400277007,0.4282005427107153,Jade
0.17577708647760026,0.7462275952249577,Silver
-2.5090148149966294,-0.9750909739799092,Jade
-1.3632436540377009,-0.5867863024224304,Silver
-0.5717770425043274,-0.15023956979490885,Silver
-2.135919268783087,0.0789368600513926,Jade
-1.157287276244192,-1.7539811963584122,Jade
-0.9207382535742871,0.30224494605049124,Jade
2.402721221908457,0.08120269291333719,Jade
-1.371380190034582,0.6308365997745832,Gold
0.5642962771656256,-1.5190790436630122,Gold
-1.172066474647359,-1.1455424039473743,Platinum
0.7441474784748051,1.9296354420231445,Jade
-0.6818643613763166,0.3871506109260756,Silver
-0.38432557681075263,-0.37685826140997214,Silver
0.035077804456633395,0.0704810250108739,Jade
-1.3061068001546061,-0.1663967066259365,Gold
0.5683967679748839,-0.9174381075718347,Jade
-2.3937289207460393,-0.10882465691322134,Jade
-1.880179408713387,-0.562341661954983,Jade
-0.390346966585936,0.003707575305274172,Gold
-2.6402545494089695,-0.3455844552901052,Silver
1.2098997105553475,2.399039387985825,Silver
-2.4974109055423015,-0.7579142817256944,Silver
0.9471303681883974,-0.8128670388153872,Platinum
0.037272048895931616,-0.9432482999382911,Jade
1.025410459844458,0.6705935525035456,Silver
2.395565743228587,-0.9214672249367523,Jade
0.24244856408994803,-0.20939004483993862,Gold
-0.5601130329133381,-0.6582143028846303,Platinum
2.9073829153694675,-1.323363958348429,Jade
1.237555215493099,0.7486564750257785,Jade
0.3546463212085634,1.5444005047169802,Jade
-0.6161067562167751,-0.9250064513289155,Jade
3.9924488259004294,-2.3144365340113544,Jade
1.5943837669752619,-0.869950740497593,Jade
0.1828451564883906,0.5342567357476177,Gold
-2.025167802838609,-0.5769926542599831,Silver
-1.2685246503026812,1.0093420410716973,Jade
-0.3063340635202833,-0.36111899696770056,Gold
-0.11559965274781386,1.6978437703090568,Jade
1.3816049132655033,-1.285327828344913,Gold
2.332372645705436,-2.181903681268909,Gold
-2.2243584092563893,-0.5988514392965962,Silver
1.2500028357899553,-1.2139426091265373,Silver
2.4638238189043102,0.2392941367263337,Jade
-1.447026251833771,-1.5240795332178823,Silver
-1.5526476438673626,-0.3951651600374981,Silver
-1.8713000486469253,-1.0912266719424522,Gold
-2.0283263159655913,0.2293661841986115,Silver
-0.6600671990437227,0.1487464692262009,Gold
-0.2054600171229165,0.582730525777141,Silver
-0.8750658157024566,0.3477487815684649,Gold
-2.478081706314554,-0.10933856518016845,Gold
-1.5396045654384642,-0.4868246897748622,Jade
-0.8915552072380254,0.4999341454190354,Gold
2.0979540012177234,0.6752386898306741,Silver
1.056106381211259,0.13813939237474143,Gold
-2.3220391950252113,-0.35935811378645,Jade
-1.4424200028141294,-0.3667149787014485,Platinum
0.361292277606601,2.19127267754395,Platinum
4.302614994277479,0.7613750282513576,Silver
0.33899603777706294,-0.13701439544953004,Jade
-1.5753270559145707,-0.03543297652649381,Platinum
0.017949400900230065,-0.4673714712582061,Platinum
-0.3189343800798294,-1.4329610881359132,Jade
-2.4743202504537907,-0.9098441531082794,Jade
1.5310128399874356,1.5889081612373936,Gold
-1.9423419139240987,0.1939954788994269,Platinum
-1.441466485178735,0.5990285586663662,Jade
-2.264769413269354,-0.18064272687338023,Jade
0.6020516253349818,-1.0562822176432825,Jade
-1.6194880962550497,-0.9076147684515086,Silver
1.5527123262079165,0.07950778372523518,Silver
4.5250293182337,-1.4893656006886715,Jade
2.424507998029281,-0.8508114054472008,Platinum
0.07746267593672662,-0.9342453019278998,Platinum
-1.6151779067062464,0.6558346955120911,Platinum
2.748632983635035,0.959861194280061,Gold
-1.1279242631206343,1.1275148849288996,Silver
-1.6214678344281241,-0.46780713416032965,Jade
2.9087828748175384,1.2620009704272173,Jade
5.747601019262148,-1.9472741095005421,Silver
-1.4432241017369267,0.40206241796468817,Jade
0.5999269181258698,0.30887312812883716,Jade
-1.1176789254509054,-0.2459729110530744,Platinum
0.24895754888084937,1.8266699883143198,Gold
0.21281197227171003,0.8673399391736499,Silver
-1.8170817131439392,0.35139753662925655,Jade
-2.448073622426195,-0.558412733831749,Gold
0.15333134235917745,1.6425956728879303,Gold
-2.0870907759911894,-0.33013782426082183,Jade
-1.9402284400498173,-0.21744303539224133,Jade
0.07079894419917707,0.7423993164931192,Gold
-1.6928117385980253,0.4909820805399947,Gold
0.05203944333141023,0.8325708383900035,Jade
1.0037938046487185,0.8498072849509294,Jade
0.48145555461281575,-0.9115282597068004,Platinum
-1.8188020929443505,-0.987793844727136,Platinum
-0.5795221631702485,0.3318912484989497,Jade
-0.585202109434792,1.1063464235786409,Silver
3.905769787891956,-1.8878360839252641,Silver
-2.376417555432611,-0.4151527852322152,Platinum
-1.1591312241996155,1.6563019978810072,Jade
-0.19534252317440115,0.42127407014293916,Silver
-2.1838098292261674,0.33690980657742164,Gold
-2.11875168615945,-0.24959217976068698,Gold
-0.7337666002970036,0.1223461686044323,Jade
0.767224137292898,-0.49890613608752754,Jade
1.5264745857280961,0.9553295498234591,Jade
-0.7693606714953202,-0.45916919324506206,Jade
2.2545774920352213,0.4265122392391335,Silver
-2.4765112933565145,-0.4653876643475098,Jade
-0.06272451801493284,0.49304001367406125,Jade
0.9553877084337341,-1.330640413732517,Platinum
4.320326270467444,-0.904097615842537,Silver
-1.4723337795005442,0.6409494644036585,Platinum
1.1931821402758698,2.289150645326532,Jade
-2.413059750925057,0.17574741426259347,Jade
-2.434762088456324,-0.48255744295552083,Jade
-0.9805978658581018,0.21719903500373802,Silver
-1.1254243382941438,-0.21751716632450577,Jade
-1.1902270962842454,0.28080072970754794,Gold
2.149305078354649,-2.32253081541642,Gold
1.1141101199285552,-3.0351504656783272,Silver
0.5997139923781817,2.360887439166291,Jade
-0.8353416571918776,-0.10986414010986972,Gold
1.0454428143565466,-0.5369861834247028,Silver
-2.3189970108196225,-0.4539425342268263,Silver
0.05193290899736649,1.2230424353875937,Platinum
-0.8595962518917319,-0.24453605923589616,Jade
-0.37693550077377086,1.007350127697704,Gold
-1.67476002574983,0.5848797152308842,Gold
-0.7057226371143973,0.9617758737022195,Jade
-1.9864795577549947,-0.9084866712193952,Silver
1.4965355985367406,-1.1019236558560628,Platinum
-2.755255409823976,-0.7739173896264082,Jade
4.78399704965021,2.2744293147534775,Platinum
4.282415648026574,-1.519654278154495,Silver
0.8829699377328788,-0.8409093546124469,Silver
0.08021355925218607,-0.012768178943059004,Silver
3.2379425862937534,0.04124033013817173,Jade
-0.8075936316577218,-0.7646862577894663,Silver
2.673537059457179,1.2724686580460627,Silver
0.10009072658610978,-0.31625054049032414,Platinum
-1.427012710542142,0.7348549005177208,Gold
3.6870199448597556,-0.8127523209287217,Silver
-0.5222198107757523,1.2793102255270488,Platinum
-0.11833893705147999,-1.3843960698881246,Silver
-1.2497352091407767,0.11839469760476938,Platinum
1.154913647769316,-0.2189184607869283,Jade
-1.7387901873189138,-0.723474266632026,Jade
-1.8198043883745814,0.7224448047406641,Gold
-1.9199393229184596,0.39084406637179464,Silver
-1.5242494520002394,-0.16506723475872703,Jade
-1.8248604709698313,-0.22512922986369438,Gold
0.9767668315150153,-0.7182483395522075,Jade
3.4857503015175824,-1.4208673553105142,Jade
0.8039216418041846,-0.5038027841768042,Silver
-1.8559466989262376,-0.07596176165222315,Gold
-1.1773895408961772,-0.30593189758612094,Gold
1.6020752163582976,-1.4154475657029166,Silver
-0.7557325339674251,0.968176210956961,Jade
-0.35469667152652584,1.6274882617752058,Silver
-2.4902865984404436,-0.5992528040101763,Silver
-0.2950883452878796,-1.009094234706394,Jade
-3.078771676398013,-0.46501693289107193,Platinum
4.535776817973963,-1.5796516111896606,Jade
-2.2289221721817496,-0.2669149943387471,Jade
-0.17125767000535147,-0.8270587067988022,Gold
3.257496457591429,4.376461020943069,Platinum
-2.772218025202001,-0.4647279678287624,Silver
-0.7927659675583641,0.5233888729183389,Jade
-1.6053502167768396,-0.3586447264258126,Jade
-1.6300666891126887,-0.2840273318881944,Jade
-0.05308730779326295,-0.670360573409109,Silver
-0.9907878054221021,-1.3976174985604817,Jade
1.8529769723778673,0.25776655128211845,Silver
4.252403991440897,-0.04430610211499182,Silver
-1.8680497970828989,0.9168102490408172,Jade
-1.338260047839179,-0.03003875504441766,Silver
1.9133205288896178,2.927400279501691,Silver
-2.63928374858458,-0.27709515832752496,Silver
-0.5759545300154957,0.5871794389349567,Jade
0.9286911681272637,-1.0156280894436902,Gold
-0.8072308595234474,0.26903569144700973,Jade
-0.1354781717508728,1.7787932722531996,Jade
-1.0732617867282628,0.37966751115622827,Silver
-2.3463198746980884,-0.9352615429539816,Gold
2.7213633987410564,-0.5428771392787609,Gold
-1.3799179666852637,-1.367819194252688,Jade
0.9514865574891079,-0.15196107479028337,Silver
-2.013838815364571,0.17489472413843393,Platinum
-2.5663131001634403,-0.7443606032223622,Gold
-1.3404259552097741,0.23219830973671166,Jade
2.154024695732809,2.8538078759428696,Platinum
1.3807041178376853,0.9631319307448101,Silver
1.2355888127969432,0.8225366052189484,Jade
-1.848650297130488,0.863617909937179,Platinum
-1.4733677640457643,1.4521334799030226,Jade
-1.2621804049309195,0.7994587782452216,Jade
-1.755272878959608,0.015375971513233111,Silver
3.0171055575294488,-1.2390237714804448,Silver
0.05471742356144934,-0.6594543985309917,Jade
1.2649725851578975,-1.332403060772075,Jade
-1.822978056098062,-0.8375804280074651,Jade
-0.7220180967610714,0.2184008439831677,Silver
3.670133183846992,-4.159155110608159,Jade
-1.3588697790084985,0.14904477254388324,Platinum
-1.0554768394125906,-0.8276026016224682,Jade
2.401200104219983,-0.9282510507759951,Gold
-1.1845032479031292,-1.039573963748813,Silver
0.4209710596419671,0.6981339247901279,Jade
-2.1708211963770845,-0.2694894774394245,Silver
-2.234211394450268,-0.5488772443348353,Gold
3.018166617979007,0.7325403367217909,Silver
1.233305970066986,-0.47998748980150896,Gold
-2.3425067408909603,-0.38132709884440913,Gold
3.698263115806365,0.24902671638179952,Silver
-0.6177405289513117,-0.602719960616284,Gold
0.3228419194159422,-0.5492653390623901,Jade
-2.0516331947337796,-0.14230445225723654,Silver
-0.9452644817772032,-0.197863416555717,Jade
-0.44902183215951946,0.8625703048967608,Jade
-1.399038833134652,0.7497892339301464,Gold
0.640463171448399,-1.5238758177031564,Gold
-0.6748422995132973,-0.5622303137690677,Jade
1.7559838414623878,-0.5282793000742717,Jade
7.9689466043628645,0.20098355943945917,Gold
-1.0874730607024516,0.9678129009359501,Jade
-0.414388606100112,-0.3747175844417072,Silver
0.7188961784746842,0.19636345429415542,Jade
-1.0201060102720065,0.2639158411192605,Jade
1.1274670980072916,-1.6129394996354833,Jade
0.9613704415084036,0.043096019403365896,Platinum
2.086524079563766,-0.2587333090597918,Jade
-0.48496723007351633,0.04389839668433157,Silver
0.7019907209562065,1.7436178347517077,Jade
-0.43078504505267556,0.2378696792006781,Gold
-0.20797671822119138,1.0234390087694685,Gold
0.9806735900084433,-1.0260837160705931,Jade
-0.9183609345416136,0.5557890584208928,Jade
4.987384542068736,1.5594894152091179,Gold
1.9394918922182922,0.9516566378625754,Silver
3.4475635329301606,-2.0226177683935287,Jade
1.6821161879372095,1.330187866717083,Silver
6.561443513477359,-3.1588759312649484,Jade
-2.4215367711506897,0.1654949709799538,Platinum
-0.6351531678880998,-1.4691383531356006,Gold
2.0750950639281047,2.812333108646788,Silver
4.550132281885769,-2.6411437544283247,Platinum
1.2254732894164722,0.01675906848033669,Silver
1.4146459373346096,-1.5374555482834535,Silver
-1.5540055735822864,0.06076684612975457,Jade
0.06079206599255744,-2.0483906499379527,Jade
-0.7241962324414136,-1.3010014174993052,Gold
-2.725641099882613,-0.07300796057404145,Silver
-1.4976725399033646,-0.768478022059332,Jade
-1.6175346401856456,-1.256307632471337,Jade
-1.3435005913122695,-1.4755205960955469,Platinum
-1.6967141105410737,-0.6254057382422309,Silver
-0.8743714756239709,0.20563314980500624,Jade
-0.3939389905558455,0.6193541546283785,Gold
-0.5496456135460192,1.968964500051888,Platinum
-2.2037332322111776,-0.28177601388332296,Silver
-0.28867240203345806,0.673835786171153,Jade
-0.7632735084567328,-0.4731578965337185,Jade
5.247945672473598,-2.7199714973955653,Silver
-1.6669596907829163,-1.1149263747678708,Jade
-2.4227110679394537,0.07367189873738415,Jade
-1.2739606804768075,-0.5573083995312478,Jade
0.706095490757342,-0.14192522681945097,Jade
-0.22944688385318593,0.3709572082731521,Silver
-1.4392657002684974,1.1905679059491339,Gold
2.513337409952291,-0.46518832910268965,Silver
0.455534457687108,0.014127688339724827,Gold
6.158968276972016,-3.8454312459076774,Silver
1.342544690015635,-0.2902821538430013,Silver
0.7045970132875904,1.1773542450394923,Jade
-0.6879435146882639,-0.05407800098956588,Jade
-1.2679565282135083,1.3488561456328094,Gold
-2.236865230237419,-0.535374584649987,Platinum
2.0413572366960517,-0.03987615802132212,Jade
2.233169949674627,-1.0414643222733004,Platinum
-1.7111584942096716,0.30848168269600706,Silver
-1.7113601283427526,0.5860753549805315,Platinum
0.09017422536875389,1.1501112623760958,Silver
2.4934246499897084,0.3629317509670658,Gold
0.43401659252131813,2.9863160194783753,Silver
-2.637302115235355,-0.053012659947043836,Gold
1.6339235252300612,0.3204579360681369,Jade
2.5147999450947407,-0.23380313710412373,Gold
-1.379519240156419,-1.151620476653469,Gold
1.1871120544904556,2.866789877277855,Jade
1.6967682723555322,0.8089492567037484,Silver
-1.5542325221793012,1.0293409910974733,Platinum
-1.816344768126679,-0.5179186306536985,Jade
-0.33793716381937156,1.1439969182751673,Jade
-0.4117445809286706,2.0724696043599544,Jade
-0.9855241120556171,0.38276055415574173,Jade
-0.6300569866611551,0.17891335599082467,Jade
-2.387687624212235,-0.3813027099923262,Silver
-0.587948732969125,-0.364930151724816,Jade
-0.4494090451150654,-2.125071476289916,Jade
0.3494787458654771,1.4551587360013682,Silver
-2.2913968689242012,-0.2683700936118082,Jade
0.6249292566455674,-0.330124122306618,Gold
-0.0804198164000467,-0.9326340657629282,Jade
-1.3503172872726839,-0.40962648137800434,Jade
-1.3451569188636292,0.36919793872515894,Jade
-0.4575071688182343,-0.7741707429310684,Platinum
3.005718102430688,-1.0309700730421343,Silver
3.3925547723367293,3.0576809428566762,Platinum
1.5399831536940263,-0.1604116454141582,Jade
2.8155148509571584,2.2034460648606196,Jade
-1.0587213179443253,-0.49932263289727674,Silver
2.4908062374245894,-1.7676379010297179,Jade
0.37216293130890155,0.9042008600048526,Gold
2.89496936786177,-1.3192448490101412,Jade
-1.3850998667647494,0.4943901153138386,Gold
1.1042645133275262,-0.997357792298057,Silver
-2.447021213367751,-0.6579058557262368,Silver
-1.947744088183274,-0.6770397449654915,Jade
0.803831766584116,-1.3547569189960706,Jade
-0.35968342590517693,0.17286701017701728,Silver
0.1199011550591732,-2.373531415447624,Jade
0.23300573361738855,0.05212407304964071,Jade
4.615468393766292,1.4702649892736903,Silver
-0.2591915186754535,0.0653773862016842,Jade
-1.7052815157588084,-0.839617555087279,Jade
1.6405345725373541,0.13535991420286592,Gold
0.5682676959653372,1.0037348651957427,Jade
1.2721851255424297,2.898137317961606,Jade
-2.463249577541264,-0.5712179709845747,Gold
-0.8289282770896182,1.1210161898554911,Jade
0.4990487251646541,-0.38027652691739544,Silver
-0.10213050031310222,1.142549903906414,Jade
-2.468813718696657,-1.0965060040257764,Jade
-0.7478011580325653,1.2569482267617251,Jade
4.102499565278117,-3.292375285382673,Jade
0.31657755015496536,1.3864015697639966,Silver
-0.11636781293697773,1.65718224265253,Gold
-2.741711301410076,-0.31577661648816335,Jade
0.5507988753441087,0.13969368737518756,Jade
-1.5368942121559823,-0.5565842424168836,Gold
-1.9671642488410448,-1.1924369442734046,Platinum
0.5414034687107496,-0.6071241863090772,Jade
-2.8621802984067495,-0.386693550730561,Jade
-1.5740752104383637,0.14036487465906525,Jade
-0.13930946516055198,-0.5832887590544706,Silver
2.517307580648658,0.6745191139158419,Jade
-1.0453126573838372,-0.7332789799119712,Gold
-1.7513377463859277,-0.6004277796284863,Silver
-0.14024487610683425,0.49888190760053475,Silver
-0.8653810425342509,0.8486483013047603,Gold
-1.5674988686105604,-0.05910266618714414,Jade
-0.5563650191413971,-1.5339713843831375,Platinum
-1.9862000859661997,-0.737400073166435,Gold
-0.9866309207925996,1.2433379166487415,Gold
1.0830616081549151,0.6961103419004265,Jade
0.829611230166288,1.351635714374029,Jade
-0.4943364142779942,-1.8710374809843802,Gold
-0.5715407558908058,0.1537609905995834,Jade
-0.29305894031540264,0.3271546072111323,Jade
4.315639722899044,0.7661915290697157,Jade
0.6165186386761162,-0.09748814847424143,Silver
-0.8378503330990194,1.57413585117111,Jade
-1.9879233017374223,-0.5531771312463875,Silver
-1.3267006357831006,0.09590409487103325,Gold
-2.0160227793569,-0.305485772072059,Gold
-2.2282648245407746,-0.034703204725341844,Platinum
0.08561587367864579,-0.10664599789024658,Jade
-0.1958143691036715,0.6191584112995018,Silver
-1.4720277118660547,-0.2843350947729559,Jade
0.27489718603190855,2.400469387282191,Gold
0.1573555093151262,0.4222465601131622,Jade
-0.7972060592345077,-2.003184795436534,Platinum
0.4201293905107423,-0.0908866452346854,Jade
-0.23442061585438156,0.3962027142364284,Jade
-1.6825003252420847,0.0147073237517754,Jade
1.2635025377156799,1.8347157861054784,Silver
-1.264664062500958,0.002889441351287846,Gold
-1.0027978236166324,-0.6066529666186994,Gold
-2.1994060358517435,0.33924214830870536,Gold
-1.4668067039820691,0.4770461496294139,Jade
-1.1550761687642623,0.14347631214795706,Silver
1.6703033487877441,-0.10569380111373543,Silver
3.204067319533994,3.495189399320695,Jade
1.4079471420968936,-0.06686255104946177,Silver
1.570360198894896,-0.8491031232781223,Jade
-0.595006243648362,1.3219563836877393,Jade
0.19230401228778574,0.8425635390425537,Jade
1.0868263456194718,-0.053599257163885264,Gold
-1.9905701290633613,0.1270043971762715,Silver
-1.9663134816609504,-0.6187665266889072,Silver
-1.1616745575794811,-1.04077125914109,Silver
-1.4522400759363894,-0.3113763026373217,Jade
-0.8965445185669921,-0.059865089334451255,Gold
2.658035239206653,1.9812385050857577,Jade
1.2032069098399782,1.706452285297208,Gold
0.6885840522724062,-1.0174844829159257,Jade
-2.466125828585614,-0.048731655884936595,Jade
-1.8109821034660918,0.37366232321219994,Gold
-1.1767779695611553,-0.6276367935382479,Jade
3.663663338708558,-1.0626574558212327,Gold
-1.5055377245965362,0.7036032609582854,Jade
0.5398996958917316,0.5930716797608533,Jade
4.296195064860954,-0.7591291110363176,Jade
0.6149991275448482,-0.7105394357575671,Jade
0.8526449056737798,0.17947270866950363,Gold
1.17122592359024,0.7071075527092071,Silver
-0.5299959496945804,1.296704908199257,Jade
0.16046156962611952,0.29310690345025986,Jade
-0.6503729363769427,-1.100183481895703,Silver
-2.6852013436286435,-0.9312017767179221,Silver
-1.2738425010344152,0.9712797092681892,Jade
-0.05759100597754558,2.4237866270390094,Silver
0.25199876557350714,-0.04901698635232886,Silver
-2.703490237003039,-0.5784623127558539,Jade
-0.5838513800234613,0.8376538682499991,Jade
-1.6307185732860097,-0.17747732458599763,Gold
-0.4387863308246331,1.7878531417748291,Silver
-2.2358313965680177,-0.06767610826415892,Gold
-1.1256090057393369,-1.1436407564924025,Jade
-2.6576807343160618,-0.7554282882133199,Gold
-0.4352783023027715,0.07305883431311876,Silver
-1.0360282384000135,-0.07109540731100071,Gold
-1.1522229972424034,-0.5843951127284799,Silver
-0.7800004189492792,-0.723209975339221,Platinum
1.4538208279691702,0.8112144994174761,Jade
-1.1885605030140658,-0.4502271666804732,Jade
-2.036943801334617,-0.6183531793303154,Silver
3.116004675345931,-2.8298896749262865,Jade
-1.9874727999202366,-0.1779932683349893,Platinum
-1.3707044303233804,-1.3401549480020003,Silver
2.8430455107263013,2.270470817699275,Silver
1.5954179007778329,1.0252332226144605,Gold
1.562174476180158,-2.0167417185367174,Jade
-1.5705574848946762,-0.30749387686589646,Jade
-1.2192725745431794,0.1240228690368542,Gold
1.0755395291573584,-0.8203131985907967,Jade
-2.545491699260397,-0.046024042626524056,Jade
-0.4488594930095069,-0.7620657093320896,Silver
-2.3776327706564273,-0.293277636805971,Jade
-2.9246246350018783,-0.9405721375703676,Platinum
0.6335549327278446,1.707364982880001,Silver
2.7329640656909677,-1.6205203026758157,Silver
1.5063971505880045,-1.156684764071681,Jade
0.3938013242440207,0.99918260721387,Platinum
4.196246210624095,0.6416339948055247,Jade
1.4073000991896765,2.490995353038268,Gold
2.835783207932906,-2.776694105205537,Jade
7.8745419380442865,-1.4546269749031373,Gold
-0.8141953342086764,-0.3654445121879766,Gold
0.6628676298254159,0.03800789942531475,Silver
0.24511151642139228,2.9556284503044803,Jade
-0.5224593091802195,1.0903246320007363,Gold
0.7207230015294779,-0.9035278259577972,Silver
0.6718574388218427,1.067288730388639,Jade
0.6688393696152274,-1.245954665083454,Jade
-1.1957579276569084,0.809681021350575,Platinum
1.9011358102650273,-0.10647368308519427,Silver
-2.2860562107145896,-0.29869862729136265,Platinum
1.162017154489578,0.5682428540310936,Gold
-0.6381928528345939,0.2698366684266127,Silver
3.858566412808134,-0.15402533966858462,Jade
0.6220410538861909,-1.9580812342938307,Platinum
-1.8409744313301495,0.5559388650529111,Jade
-0.0897977432733065,1.2127041287606006,Silver
2.18502958750205,0.879110684552785,Jade
2.663256982562489,-2.2174451731115714,Silver
-0.13724105693193286,0.4279873233283346,Silver
4.139521035319331,-1.724265594386935,Silver
-1.6882594451172779,0.12115236737689046,Silver
-0.2702225148619985,0.58704990486196,Jade
-0.5615480551014129,-0.8802780846557838,Jade
-0.7351712121653212,0.026425901446393285,Jade
-1.786227865691537,-0.16840758326665456,Gold
-1.8920842313741608,-0.46153082116836486,Jade
2.7027727900434777,2.3593988847173737,Silver
-2.586161367175682,-0.34316896203233127,Jade
-2.4562812385263975,-0.11119767318518424,Gold
-1.2489083663886829,0.2137361703416205,Gold
-0.9766833464589614,1.5099202066018722,Silver
3.0486759713663663,-0.5267887008440436,Jade
1.4045554628087111,0.9637739505820867,Jade
-2.090765038725494,-0.5119704394326641,Silver
4.2087090327366745,0.14759280385239854,Jade
1.0706394300185993,0.39036108908898903,Platinum
-1.2132149681974311,-0.830921815621873,Platinum
4.760272804054963,-2.0348622021566656,Platinum
1.920912907176272,-1.0312267362774072,Silver
-2.1682364232655336,-0.26647144949517926,Jade
4.585625298494726,-1.2372337933158704,Jade
-1.7819906489204265,-0.6101251046588286,Silver
-0.381651491340123,0.4379882179479767,Gold
-2.1008306655843207,-0.8164539866326747,Silver
1.438964049403894,0.04697928083746418,Silver
0.0011950810984073564,0.7353341014518635,Jade
-0.6247217641796913,1.8027971334328314,Gold
-0.467036952538918,-1.138672310161392,Gold
-1.3949706457882067,0.26965984448796176,Jade
2.7649863155696206,-0.05948084774409319,Jade
-2.805281435014486,-0.5270777804156794,Jade
-0.24068844802656075,-0.910841398202726,Jade
-1.8502396547601354,-0.4173921571030889,Jade
0.6470673804921299,1.1207475723729676,Jade
1.1598673896516554,-0.3141839936053112,Silver
-1.5388069863611946,-0.4934547641146412,Gold
0.29516241182709324,0.15990804263297018,Jade
0.02303163737593328,-0.45829016893391455,Silver
-0.7898282273473413,-1.3664491395535363,Gold
-0.7299436206257559,1.2152774444192478,Gold
-1.9203730830827128,0.1326466101270304,Jade
-0.16784096808436239,1.5116980868356988,Jade
1.9791381620017503,0.26613042352506844,Jade
-0.29457619398172175,-0.6763397529385184,Silver
2.6796843951673828,1.3448965521222138,Jade
2.0608934271318047,0.30166514419194124,Jade
-0.21673121904879084,1.096224128560813,Gold
0.1447314873905875,-0.1275223515814296,Gold
-2.7585700173637755,-0.19745632313168038,Silver
0.94091733943579,-0.7448724122914563,Gold
-1.5942528773391968,-0.6881973902342315,Jade
3.7443147769644267,-0.7981911090369129,Jade
1.374355815207084,1.8609468942237581,Platinum
1.286785746707853,2.0792201025847716,Jade
-0.6244947064449741,0.6595039453674384,Silver
-0.2794739392906514,2.5276960389099505,Silver
1.9223671285843738,0.3026838391445313,Jade
0.7566000013574207,-2.6242813325063095,Jade
1.3235746476311279,-0.8594981406671133,Gold
1.6779877729838093,-0.6113752888250089,Gold
1.3576403329359872,0.6147897194230242,Jade
-0.9377640924981128,0.6796113925425498,Jade
-0.4049687717911896,-0.4242157532640206,Jade
2.635998366649601,1.2351976888022953,Jade
4.129515799731613,-1.5346686441543667,Jade
0.23356110721520223,0.9860450495714512,Jade
-1.1936177500531011,-0.5700989752032298,Jade
-2.0918372624273283,0.37594200518081156,Silver
0.051814615972308804,0.4372689799460706,Platinum
-0.15657302915868404,-1.1684631557787433,Gold
0.14379040408613353,-0.3467038868051426,Jade
-0.9016087913858587,2.005894423884458,Platinum
-1.344636619641506,0.16145991671655976,Gold
-1.3662666590847439,-1.0479342338595916,Gold
2.8520078413525494,-0.6540481955339263,Platinum
-1.2714053599051882,0.7389198304631068,Silver
-0.35811973089138777,0.9182500743701663,Gold
-0.9532947503728239,-1.0325564976913415,Jade
-1.3471493115388533,0.6159727669950015,Jade
1.3691986917923469,1.7639996024362739,Silver
-0.6925294424422822,-0.08200369196480627,Jade
5.088263902009902,-3.7655854037056735,Jade
-1.7719471347910525,-1.1787293706251365,Silver
-1.2689779272810515,-1.5212912558391034,Jade
-1.5430575975823038,0.6177596337185396,Platinum
-2.291172120859208,-0.3109727828034602,Jade
-2.700315591699075,-0.5087028386137676,Jade
1.259705482713604,-0.5588019491970501,Platinum
-1.794725470205711,0.9072162573709741,Jade
0.4356982557931338,-0.20329300276132606,Jade
-1.4003467243312395,-1.0358875741251894,Jade
0.2514205778842678,1.1364470347231004,Silver
-1.599651156734542,-0.0941216814775318,Silver
1.4284297308545977,-0.2589311337684049,Silver
1.6594094517650233,-1.4176299835399233,Silver
0.5227067688937063,-0.3596152937601754,Jade
0.16442838348266164,0.5335344616548505,Gold
1.6966871015284164,-2.186046994526081,Jade
-0.6871893288401706,-0.8683180785508584,Jade
1.8062759068298126,0.8852262329673178,Jade
-0.9333821828489869,-0.5462003110337337,Jade
-1.2231511976195015,-1.1677865970472583,Platinum
1.0828603621492485,1.8861399399326964,Jade
4.271077366786295,-1.8150918708910835,Platinum
1.1206559383323391,-0.8423798292364408,Jade
-0.7954665362710568,-0.13176900363368252,Jade
-2.503121161449891,-0.03608544092022532,Platinum
0.03987583189960801,0.6035862509098777,Jade
-0.973869845925114,-0.16064056882992206,Platinum
-0.7127646737774267,-0.6154025564873837,Platinum
2.8256241522332664,1.526695386087397,Silver
0.2324034461367535,-1.0744201201400336,Silver
-1.6340024621654639,0.6775258752259082,Silver
-2.022910223238865,-0.68409186991365,Jade
-2.4071798025988587,-0.43002703067226344,Silver
0.8850472435887876,-0.40359206904908285,Jade
-0.4937444946224526,2.045678991640453,Jade
-0.5605683014405919,-0.18799779673817246,Jade
4.344724021255706,-1.3223984554952601,Jade
-1.172452128785319,0.0877459658345597,Silver
0.5964791771174245,0.39076631266660455,Gold
1.5219048926214505,2.1502733685563244,Jade
-0.6603637543116533,0.4179227226833625,Jade
0.02345466007029418,-0.2797110412518472,Gold
-0.5794044851623824,-1.3369370823696498,Platinum
1.982737670858826,1.2538747836369506,Jade
-1.5895714555555414,-1.5649759150590847,Silver
-1.1571532606130546,0.500770811553149,Silver
0.965435583309299,1.1417682098169433,Silver
-2.0543512272626265,-0.216765794433386,Silver
2.9770353037779187,-0.9384092125353017,Silver
-0.5262154661462598,-1.0249941044415325,Jade
-1.5084485104698777,0.9049330463805124,Silver
-1.7821611335988692,0.3984366190022269,Jade
-1.3940595434882321,-0.32755824176291387,Platinum
0.8115700806006562,0.45334982812613933,Jade
1.8551497421112955,0.1270258452370132,Gold
0.02346585911305926,2.116938673656685,Jade
-0.6013903815056372,-1.1631053399099776,Gold
0.5913652968051186,-0.18732800020432505,Platinum
-0.2408914449051623,0.19178331518580743,Silver
-2.5574634393064413,-0.3364105997045104,Silver
2.5709240624921126,3.7303662038265215,Jade
5.167930917806913,1.5658332495286769,Silver
-0.28547687408680733,-0.18363333494956804,Platinum
-2.6714473134498133,-0.3495090545478839,Gold
2.2997392647876587,-0.5053829681471488,Silver
0.4135535412567369,-1.5412426662426824,Jade
3.9406846085100997,0.966635920681181,Platinum
-1.9352435345128305,0.070204919734451,Platinum
0.06390507087165248,0.6924585196591999,Silver
-2.345560110926658,-0.2712426588316019,Gold
-2.638901247685637,-0.10463149524812167,Jade
-1.2289087159455037,0.41965279170026876,Gold
5.748987407340914,1.2513719428418038,Jade
-0.3087187726902549,-0.6926652955275594,Jade
0.4051662807507664,-0.5725375641266228,Gold
-2.6090944725503635,-1.1572345593427118,Gold
-0.8207227913665228,-1.4682460009040328,Jade
-1.9051814510398295,0.06632628436099201,Jade
-0.5694721461366183,1.2949331786081295,Jade
-0.15053452460816488,1.2700423703751775,Jade
0.1480536962615138,-1.5090136410003636,Jade
3.826615479665307,0.03830366939577149,Jade
-1.234583546189444,0.695600015500377,Silver
-1.9582128243229149,-1.549076840204122,Platinum
-0.4920566385007995,-0.6632065716691651,Silver
-1.224862988583297,0.5085225805332683,Gold
2.4725791567775115,-1.3829224408923821,Silver
4.120273538876811,-1.4586045935944028,Jade
1.8012725734587383,-1.6833847819976853,Gold
0.00830938666141368,0.3622685247135582,Gold
-1.0291169713480146,1.1128706059086249,Jade
-2.465556644046352,-1.1939794351074307,Gold
1.732453587255618,1.1349743179397915,Jade
-1.6681586293264024,0.10630344437518738,Silver
-1.4514803011461146,-0.694772455694175,Jade
2.218902640593524,-0.6353900848876824,Jade
6.182805819995348,2.0967748835054305,Silver
4.468972052677589,0.15144054074828206,Jade
-1.1732896093546779,-0.6206386801406725,Silver
-2.1760255144616987,-0.620266554185096,Platinum
-1.688983759499662,-0.1663849622455775,Jade
-2.3430848518760454,-0.4826513559958955,Gold
0.5137934603131872,1.5940469078118147,Jade
2.4943229304369745,1.1327868893825674,Silver
0.38575616521548206,1.3942112730842202,Platinum
-1.9888123381738527,-0.2987300100154286,Jade
2.3933406018373433,-0.27938490951038714,Gold
0.4187485569930837,-0.7172751468301358,Silver
-0.7747761668424703,0.17113488879685027,Platinum
-0.28853625907889574,1.6168873233363796,Jade
-1.8252555755892224,-0.6298451011483406,Jade
-2.1604561570962453,-0.3956993527424111,Silver
4.570937835688717,2.0523208886701068,Jade
1.460093013577597,-1.5400121420508701,Jade
-1.9853090687727948,-0.7409892188453235,Jade
-0.104824688962459,0.4438241798537412,Silver
-1.9079337521725486,-1.3722898771076502,Gold
1.8702884317472384,1.8225082413310985,Jade
-2.6526228329363826,-0.5771643339291495,Gold
1.1953649142792218,1.2619640611784069,Jade
0.4181454146873313,0.8063208833737533,Jade
-2.026200207027388,-0.04550428212807697,Jade
-2.0883413406602673,-0.958053291803819,Gold
-0.838524788443005,1.506001568992323,Jade
0.11446404129354004,-0.2592082213186699,Jade
0.9087460150153961,0.13928607345712163,Silver
2.5654268280863177,-0.9009107444123013,Jade
-1.0246388085469609,0.9259822208013285,Silver
-3.0694254084958326,-0.2788035071862289,Jade
-0.17133356297141264,-0.7388623848916068,Jade
-2.0303892682730194,0.07023434113359565,Silver
-0.35334381609068244,0.2722621383416131,Platinum
-2.233245811850896,-0.28689826238984606,Platinum
-0.48512062131514033,2.173136417812934,Jade
2.5997769731627365,1.1657393484965095,Jade
3.1015645485403,-1.498196215050779,Gold
3.3875180070391115,0.45824600536339594,Jade
0.32696061876582333,0.4489042101926317,Jade
-0.5707007364313607,1.3581740730895029,Silver
-1.524993600439132,-0.30526740567211375,Silver
1.8684038707389,1.4620807434570278,Jade
-2.5710331856549247,-0.5048343387009983,Silver
-0.962160170668435,0.19391059068361294,Jade
-2.163303107361204,0.5573089817406466,Silver
-0.8373270658180468,0.6450399992780285,Gold
-2.15646446325633,0.6831458186705927,Gold
1.740897099033393,-0.16894664368834061,Silver
1.1819557761837536,-1.9055999021455443,Platinum
-1.1987656580069275,0.8759035229652108,Jade
1.711964935915857,-0.5269627898077658,Jade
6.297349779565299,-0.4224266136060545,Gold
-0.30048308583218714,1.7842397562421688,Platinum
3.9451450166988944,-0.6866410740373242,Gold
-0.493304138689582,-0.5074095504858194,Gold
1.6721554434179002,1.1191699805989743,Jade
-0.4488250063064276,-1.4181588049081666,Gold
-1.7478104968715567,0.6499935009887003,Jade
-1.3939312459276092,1.2043406629903655,Jade
5.095428651007366,-0.14147962728911834,Jade
-1.262653294752007,1.1846694223463745,Jade
-1.5176967154977397,-1.1707623318618776,Gold
-2.1914727688143363,-1.0132023506077004,Jade
-1.9344150039553352,-0.5101496200993644,Silver
0.27305201527924083,0.5990630276375117,Gold
-2.245150773548917,-0.6726442835090831,Gold
-1.9172564227300426,0.016015963391296947,Platinum
3.0326459530751553,-0.9663608998641209,Gold
4.168552929198544,2.340978893213369,Gold
-1.592832558905213,0.5913355167265687,Jade
1.8395477037409158,0.444594275263877,Platinum
1.4492918671778448,3.776683504312272,Jade
0.7714309685572238,0.8957433022905616,Silver
-2.385140501681082,-0.4334900856812623,Jade
-2.0196205103186307,-0.5626469469311088,Silver
4.841324199159639,-3.0115158928782186,Jade
5.223550004749403,1.5423466444999345,Jade
-0.5852565237317565,-1.5591918560794675,Silver
-0.9384458212784245,-0.6872690393195433,Silver
6.735527965266006,-1.3738430824075025,Jade
-2.7276790396457105,-0.639165956731521,Platinum
-1.7093330996936031,0.698449723026084,Jade
-0.19003911492242337,-1.2878674620526298,Jade
-2.070551304220825,-0.30610016330817924,Jade
-2.0840128967172182,0.3296874142650903,Gold
-2.4634528523730355,-0.49512010255621924,Jade
-1.8749612856000313,0.7728442621442347,Platinum
-1.0058847106290882,-0.12343779057106716,Gold
5.886240326665471,-3.9367061784592057,Gold
1.130581207096042,-0.2937334464575359,Jade
-2.1607564299945716,0.20039633324947517,Jade
-1.7505889149380636,0.7725424889207508,Gold
-2.2066921615576383,-0.7114197154269325,Jade
-0.21448122078886067,-1.0159635213366291,Silver
-1.3079169174973957,-0.47112126363917006,Jade
-0.6366868297267781,0.8952892057460734,Silver
0.427543188246687,0.8241234238353485,Jade
2.7177168388542556,0.7468487590379813,Gold
0.7816725499257848,2.9948572232506625,Silver
-2.8282234744170154,-0.8637398906084381,Silver
-0.6201420737321784,1.5384073320048628,Jade
3.506185179869918,-1.3311978357952454,Silver
3.544668701075658,-0.6770023763889038,Jade
2.268753836270647,-0.7266846604536668,Gold
0.7436959851499577,0.6570066823066579,Jade
1.804288821284346,1.17529418778434,Jade
-1.5263731115020758,-1.0201935283544399,Silver
-2.444989615245727,-1.1332351952466837,Jade
-1.370406500456034,-1.0145835323849606,Silver
0.8689184022595319,-0.8540101913056954,Platinum
-1.1607916484671843,0.857768476760811,Silver
1.5610478950484974,-1.1018827098042805,Jade
-2.1365841273937596,0.17281223985756594,Gold
0.4252973817690309,-1.9017745407253728,Jade
3.6499842720552103,-0.6319673963810595,Silver
-0.42907620751999026,-1.7881673883190674,Jade
-1.796774443387033,-0.4860035872548477,Jade
0.06015426910534937,0.01850118835744928,Jade
0.3929782603460127,1.5257981392258286,Silver
-1.4587767278965047,0.03689372845506987,Jade
-2.4966974243810656,-0.26196332804697087,Platinum
-0.7620324297910971,-0.4353251120741496,Silver
-1.7047433828120429,-1.0986737761225494,Jade
2.243542190525677,-1.2090109511815161,Silver
3.167666943274113,0.4054089139536133,Jade
0.5098138627834362,-0.08599948851155163,Silver
0.015588366438872795,0.5821624556714257,Gold
-1.6355526323454856,0.910877137533018,Silver
2.794385883467978,-0.3920483115603498,Silver
0.863007838562208,1.6964623595595913,Jade
-1.3913747230555498,0.10533654522056286,Jade
1.2325667246936383,-0.030878328986184714,Silver
-0.4836341331409207,-2.0011729655213903,Gold
-1.638867162149909,-0.22465872002381226,Jade
1.8551055179967089,-0.18437746300830485,Jade
-1.8245927813093858,-0.8790716648257707,Jade
1.9431137597950041,0.1619404977345917,Jade
-1.286088796239695,0.761883370663661,Gold
1.5259308868726302,1.4100752990821328,Jade
-0.9320122153953029,-0.6852128988083068,Jade
-1.9645728321622111,-0.39967961403978636,Jade
-0.08855306157418119,1.0052072148208604,Jade
2.918292613149659,0.5982699613786016,Gold
-0.18084691300745315,0.6683622720606325,Gold
-2.1002773111433615,-0.3626658448981187,Jade
0.18400093335094184,-0.5290022766990613,Jade
4.717372903547468,0.8277380188707688,Silver
2.105907530343989,1.602280949551452,Jade
1.1594118225617631,0.13660948973309858,Silver
-1.8194777115558098,0.5947432572932366,Jade
-0.768338663119212,1.0506508816737121,Jade
-0.07830044205564504,0.07107114158650135,Gold
4.27089420026783,1.3290769951155175,Silver
-1.1432401203250966,-0.6283508121761094,Jade
-1.1444666426606653,1.0475361313166345,Gold
4.417501436203635,1.5586153046482205,Jade
0.7526706529776407,-2.3123303620689137,Silver
-1.527305099826562,-0.31707563957972457,Silver
-0.10904909588895656,1.6940077590421383,Jade
-2.297636649333417,0.03721288810493838,Jade
-1.529098846510251,-0.3049428536383502,Gold
-2.147451668573477,-0.8648085495397044,Silver
-0.48600663850917997,-1.413780145406222,Silver
2.365611171561603,-0.6430387516911171,Jade
-0.681230575777354,0.029828133507078483,Jade
-2.5398898989565293,-0.059865525643535075,Platinum
-2.2965032733925987,-0.5771365188509033,Silver
0.5121094732556329,1.57557554627983,Jade
0.5300668927566393,-0.39388003547528716,Gold
-1.1249767218483717,0.651735538984709,Jade
0.9285538101457781,-0.9948451961644661,Silver
2.936559396456636,1.6912869062824292,Silver
0.30113785510636426,-1.376304936910189,Silver
-0.10279077297282238,0.6262566370203914,Platinum
-1.4535634855080664,1.0619881562007651,Silver
2.7734902407922455,2.4301859253585114,Silver
2.3344863131974742,-0.3231896784813385,Jade
-0.9864610596584015,-1.0935432846576363,Silver
0.5689629600297328,-0.09979065442619803,Silver
-1.812856801188612,-1.140968599672595,Gold
3.3782424179709105,1.1514803915807579,Gold
1.5972182885449115,-1.51047172571869,Platinum
-1.6215419269251543,-0.30312782803510074,Gold
1.4357279474625575,-1.5436907086920648,Platinum
1.3575902353469333,0.4041131101338204,Platinum
-1.1333239888039728,0.3828611639836569,Jade
2.0057542721841815,2.7195074840541786,Jade
-1.382542464514227,-0.6470996034510677,Platinum
-1.9994584949722034,-0.2014971514162351,Jade
1.6397811326245713,0.3781222987150741,Silver
2.707093275435338,0.17715545793360932,Platinum
-0.2700928772789999,-2.0089080929417125,Jade
2.416871955234691,-0.11605158487341834,Jade
-0.14912026851435461,1.9441998650346415,Jade
-1.7393642391959405,-0.8475928784223521,Platinum
-0.34153870214654725,-1.9057139853583802,Jade
1.5396517580837497,-0.6465317709501556,Silver
1.8239767381411498,1.9836555210744733,Jade
-0.47228319474193864,-1.1885134198961005,Jade
-1.7370300390415536,0.40059796358384525,Jade
-2.179330273446003,-0.6772608602148317,Jade
-1.9367802538362748,-0.22696370710334796,Silver
-0.4051259058877342,1.0535239729871875,Jade
-0.7499863851041834,-0.2023919984332172,Gold
-2.3871835871697917,0.09105229719880403,Silver
3.492404784876216,-2.1092598334821893,Gold
-0.4539794112968541,-1.4182021548396686,Silver
-2.168521428021206,-0.12486533315257382,Jade
1.4001793527587603,-2.1586202947674322,Jade
-1.6794338133414755,-0.4163858917009559,Silver
-0.7531556382616688,0.9877478055779891,Silver
1.4803394795610887,1.4012737007337053,Jade
-1.483416989132065,0.4596474867951438,Platinum
0.6189354654785651,1.2750699271910337,Platinum
-2.6965103537843262,-0.5322394666611577,Silver
1.5627625808838275,0.8785664159800102,Gold
2.957346592442505,-1.1854878063346568,Silver
-0.009037737302922618,2.0745826236288027,Platinum
0.3103221627141754,1.4207517829128549,Silver
-1.7333080807883405,-0.23115417018833384,Jade
1.7910113364543374,2.110183279172588,Jade
2.611935513043777,-1.0462005693192409,Jade
6.98445702270488,-2.224350382145351,Gold
3.0687763599240183,-1.7304951692050266,Jade
2.299722280244709,-0.01992817037954113,Jade
-1.8385417712249323,-0.4321585923948111,Platinum
-0.37841286207869196,-0.6334952667506751,Silver
-0.5793800477641283,0.8382750381144972,Silver
2.5329945710080484,-0.915434622433442,Jade
-0.13703542922563727,1.2182126645945162,Jade
0.6482531420498548,-0.5311966098736461,Silver
0.8665922164510232,-1.071160263052831,Jade
-0.1275495707468074,-1.2967227468626794,Jade
5.918451870776121,-1.8936672321252739,Silver
-2.444262510863576,-1.5333880895080365,Silver
-0.12942159840140327,-0.7329126118649114,Silver
-0.058178017625769636,-0.48139214118583346,Gold
-2.358811041515945,-0.22046720053014787,Jade
-0.8224632599652025,1.1258955889311235,Jade
-2.3885212311968367,-0.2542624665177953,Jade
-2.1421731321480926,0.37132873016377566,Silver
-0.5450968512586681,-0.09737964736791543,Jade
-0.8053233573789358,-0.03644811151602105,Gold
0.7481994828764151,-0.925318956923955,Gold
-1.5125234242832704,0.22637588157268163,Jade
0.2252365856993273,-1.6217924491033475,Gold
-1.1644648709445014,0.8090223059216632,Jade
2.7242214728374714,0.6551535318419859,Jade
-0.0033931922613015487,0.7180662709763831,Jade
-0.36985836456692,-0.4849041938933766,Silver
-1.663369108622659,0.30588699674566233,Silver
1.4411883592329109,0.309843016585676,Silver
1.215418085478989,1.1479506308094194,Silver
3.480058357625908,1.5301593609994855,Silver
-0.8297996590111899,-1.3601880583998516,Jade
-1.5496050006274258,1.4469180310009815,Jade
-0.32202434639974753,-2.2709614905678284,Jade
-2.277795305402464,0.3357813026947159,Gold
2.416992775975841,-1.9080829624471298,Jade
0.08516565433712889,-0.5641745895461885,Jade
-0.594895148990907,-0.6730340217437474,Jade
1.642514317337819,-0.8929883025321479,Gold
-0.24032735298082866,-0.19543052775610453,Jade
1.4892208595493674,-1.043514044655732,Jade
-1.9408592686729218,-0.32496526755640726,Silver
2.3733313227940274,0.6766040368683028,Gold
1.631405293769857,0.12228742213262565,Silver
-0.740678533894068,-0.37675197029760765,Gold
-2.6499983807992433,-0.9934854405030109,Jade
5.016377270535321,0.4820672672996362,Silver
0.6178723000832712,-0.0866602593210052,Gold
0.1840264381064174,0.465085688441484,Platinum
0.4408325215113164,-0.003001157037697585,Jade
-2.052713928424602,0.31615640207028983,Platinum
-0.0942101570909164,0.3449266263285083,Jade
0.8676664703474684,0.41285568793749844,Jade
-0.5490918396526218,1.9761884161046475,Silver
-0.9488254613511803,0.2877720438178978,Gold
0.27518818740029094,2.4838782063777103,Jade
-0.48315127252395457,-0.8310144803330005,Silver
0.3305815912336961,2.056152354214818,Jade
-1.9766009684439938,0.4486658364704254,Jade
-0.5865131798674169,1.1354948157739277,Silver
-0.06478573150781347,1.8066404715306525,Silver
-0.8582882590648929,-1.1055839726439782,Jade
0.8404944952230332,0.6367783053595766,Gold
8.077814797496195,-3.1203707849012137,Jade
-0.24325320851860813,1.368951496371674,Gold
-1.7008272163252884,-0.3843251491894103,Jade
-2.081914989753932,-0.11162402328999581,Gold
-0.17125293221542737,-0.42041641940492613,Gold
0.4942388092768596,2.0117742931471687,Jade
-1.9905407108577409,-0.26980023981279555,Jade
-0.49277410023122065,0.23697522728791334,Silver
1.237928290582783,0.5543400549220194,Gold
-2.4700288281939957,0.22670159415531524,Silver
-1.2496608171482864,0.7251600536254968,Jade
0.6361324985910539,1.658833370978371,Silver
-0.5170348344389836,-1.1241469588562054,Gold
2.299600277328108,-0.7452069627307444,Silver
1.2148465192392839,-1.0280320739846998,Jade
-2.4358414882677217,-0.09816052521479339,Silver
-0.9657219902618136,-1.3854373198137748,Jade
-1.3162245396353822,-0.1094263913075343,Jade
-0.9728361192015514,1.883115411963041,Platinum
-2.158314417076411,-0.6235246953428651,Jade
1.5863909961400409,2.5088286784994436,Silver
-2.4833462933994137,-1.0550762053802079,Gold
-0.04979762295953282,0.7204623436874267,Gold
-0.49300074458569354,-0.09020646730375427,Jade
-2.2380112645355785,-0.440201428776486,Gold
-0.008751439104369426,1.3067570100981913,Gold
-0.8565379257027875,-0.576374400084179,Silver
-1.7221437991003605,0.8769523291818627,Gold
6.738266685675782,-1.4198719345142137,Jade
-0.21954839431624612,1.079014196810275,Gold
2.134707866148004,-0.2346576364742804,Gold
-1.4324521545583384,-0.12964912240293974,Silver
-1.248862318963194,-0.8968704948577467,Jade
0.14411541631384173,1.8698756042004439,Gold
-0.9651779437498506,-0.5014290700328687,Gold
-0.37419586643025554,-1.8933545853982605,Gold
3.2927829559908766,-1.72212511710141,Silver
-2.3671055422903184,-0.16368037768975507,Platinum
5.763141389504969,0.8320512953640913,Jade
-0.993617241506817,-0.9231579655906715,Gold
1.4007209926865167,-1.3267590048527227,Gold
-1.8386684255435384,0.0729746880888154,Silver
-1.518325988018891,-0.7482108444762945,Jade
-0.6894302324765736,2.0010690281493138,Silver
-2.2125681296409416,-0.2468158117774665,Jade
-0.9677679810345522,-0.1702778427139573,Silver
-1.3521920516357007,-1.2705055569718937,Jade
2.5125829609811587,-0.24277325970684926,Silver
0.990668317668021,-1.740541763078451,Jade
-1.3391239192965203,0.6187746338717762,Silver
1.6431103054718774,3.413221128121092,Jade
-1.9964256715374689,0.498223301937534,Silver
-2.517522056958009,-0.17209880571393368,Gold
-0.905786688192412,-0.44244450248876194,Gold
-0.4391132514146286,0.2943374194511875,Jade
2.64160243842147,-1.0009148713252378,Jade
8.08360913897603,-2.8826532524020703,Gold
4.372010683903483,-1.1550117705056042,Gold
-2.1445275108391555,0.22342401351643443,Platinum
2.3558430829583075,1.2210647971526913,Jade
0.7120074243342147,-0.4429080030964545,Jade
-0.7098433093579648,-0.9038848891153961,Gold
-0.5274370091856031,1.8762402978310568,Platinum
1.4758461741522804,1.26504476968017,Jade
2.476903253186493,-0.5098714089499488,Silver
3.0847509250090335,1.1737787096865397,Gold
-2.6508637825985,-0.2551592541534809,Jade
-0.8883169065194553,1.1807207278892224,Jade
-2.3704998460211657,-1.3900440667024934,Gold
1.5565726540791345,0.5264237240410932,Silver
-1.9398671638025415,-0.43263104037777084,Gold
0.2021310299294803,1.174627161786688,Silver
2.3244857922842965,-0.8184291557241056,Gold
-0.562163456599016,0.499749059015268,Silver
-2.6078688809797783,-0.3861339922359036,Jade
2.1282429337717925,2.2626860352853897,Jade
0.06585554977226718,-0.9655317928484569,Jade
1.0705238167700586,2.1877642705369484,Silver
-2.4790880094116314,-0.2589466170443178,Silver
-2.126111743711669,-0.8632464140237512,Platinum
-0.1556064303120373,-0.01821908113455971,Silver
-1.6985617665298913,0.3734396572517292,Silver
2.462090266247408,1.0101298612153866,Jade
1.1131816594525743,0.1387317800412695,Jade
-0.12409982460861235,-0.784226117065348,Gold
0.8348585350881943,-1.416183456565188,Platinum
-1.7416209201588884,0.5084454114483484,Silver
-0.3882130415255913,0.8312948622298199,Jade
-1.128475962155018,-1.1250511485354708,Jade
1.594531984018251,-0.31535315722398616,Platinum
1.6528331317946967,1.1748543260150588,Gold
-1.8788724493176392,0.2001173018958144,Jade
1.4584702595018888,-1.9728003355353874,Silver
-0.02094479683970404,0.6443533788625172,Jade
3.709643036680657,-0.9209880872348907,Silver
0.3498625945418555,1.3946893625352785,Gold
5.5588425255954235,-2.1850857428985915,Platinum
0.20557749404401854,0.7297466994174242,Jade
-1.142466764311422,-0.11612552559827932,Jade
-2.755051266843962,-0.6117990349708313,Platinum
-0.055332076679628577,1.9051875736495056,Silver
1.483044746544186,0.8661869700826375,Jade
-1.1343540915058128,-1.247689129618587,Platinum
2.381120793883942,1.1407107648732502,Jade
4.099454229519352,3.0865718680722427,Jade
-0.19274758456417856,-0.017228006850533856,Jade
-1.932935928930673,-0.6830586222791617,Jade
4.255395953543883,-2.6704363171081518,Jade
-0.5401805531049536,-0.005254784586140076,Platinum
-0.6235248208559875,-0.13657797856029025,Gold
-1.8603308446599045,0.6610746511617823,Jade
-1.4256804058195487,-0.2028101600196191,Jade
-0.990850228058941,0.26280607787120236,Silver
-0.05282388694777878,2.1288853046288474,Gold
-0.7954421345821749,0.09440633369934102,Silver
-2.077490730010865,-0.749963253661994,Silver
2.135129676494281,1.161091071707416,Platinum
0.990965220185062,-1.830402358503822,Gold
-2.802468503340678,-0.30651783073115874,Silver
-2.063792559280474,-0.4260136010966423,Platinum
-1.5346005054904872,-0.8207189489446248,Silver
0.16630008270333335,0.6202448405912253,Jade
-0.7001066224554559,0.3281120668845847,Jade
0.12870044949020953,2.595918048406306,Jade
-1.105930258016478,0.1503479014250984,Jade
-1.3406724376009693,-0.6171318453793957,Gold
-0.02615287456963272,1.4623334254407876,Gold
-0.6956530180441779,1.5643780371958913,Platinum
-2.6239914623912988,-1.1092657870161835,Jade
4.41032095729737,-0.3406240135484865,Jade
-0.7176422020790649,-0.561778416939555,Silver
1.1743426904632777,-1.3700567749873978,Gold
0.0867545359708406,2.8899363016317254,Platinum
-0.08118996760871937,-0.3869896485974451,Silver
-0.9635898545067854,0.35437043669243756,Gold
0.3978967811913275,-0.22807390959178866,Silver
1.266691463059146,1.4929281105992798,Jade
1.058274201725239,-0.7980227948649462,Jade
-1.2880088097776212,0.017656625758266927,Platinum
3.006461772777457,0.3427595500327595,Platinum
0.582522447947489,-0.9560189583847047,Jade
-0.9443347450809471,-0.5146591586122291,Gold
-1.9598915336757359,-0.7406907020112015,Gold
-0.29440008468696427,0.5901784768722425,Jade
0.7271101054916606,-1.3998366541855316,Jade
2.095109361700958,-0.5292588792467646,Gold
-1.3999393096558725,-1.1283300564788814,Gold
2.2299726502631816,-0.24557410980993208,Jade
3.1856339806876046,-0.04783012008593629,Jade
-1.432778819084808,0.9756940183142373,Gold
-1.8656463923868472,0.2234263821494087,Silver
-0.7280668464215241,-0.3853793822786276,Jade
-1.2717990387487932,0.26570021134520916,Jade
1.026670718671135,1.297384310680969,Jade
-0.4660779335566878,0.7826912461740901,Jade
-1.5619187595480455,-0.10782580249322317,Platinum
-2.9933806451839975,-0.767964665566383,Gold
-1.1323969384738866,-0.6006214177393052,Silver
3.293148764394935,0.1623479241852166,Silver
-1.5455038233668885,-0.5173115332942275,Platinum
-0.3735670521916832,-0.06732241528317132,Jade
4.058937302724822,-1.0341645194996156,Jade
2.9238154296227172,-4.422385318032327,Jade
-2.700276958095481,-0.699270471730505,Silver
0.6208213657230429,-0.11258666439166379,Jade
-0.7732151179192953,-0.7152667196987532,Silver
0.20371488053188222,0.0022850702031158025,Jade
0.7025322877683804,0.45264240956354607,Jade
0.43156705321011923,0.6196148851170344,Jade
-1.0040825738885721,-0.6656743841841765,Platinum
4.293028445330789,0.5076794570210206,Jade
-2.097540832856188,-0.15238454520237663,Jade
0.6577142848101101,0.01954656695970779,Jade
1.3880517965863104,-0.7802401302966264,Jade
-0.6310758687880509,0.9026732280099103,Jade
-2.3861870368430327,0.0013822889670324222,Gold
0.10055369362557676,-1.9102740219456338,Jade
-1.9079537561850135,0.4516696696531575,Jade
1.2870222008137215,0.9563031662073462,Silver
-2.3266267555460187,-0.7455258956304128,Platinum
-0.45147862916483417,-0.6214002237809934,Silver
2.3854449891181857,-1.3314137003690762,Gold
1.690554212268349,-0.47597919620394147,Silver
-0.20223685146373224,0.1280333138917956,Jade
1.1220299476701951,0.38332049074559793,Jade
0.20897272434799583,0.18725206700520752,Gold
1.2319798620011106,0.8220628323959231,Jade
-1.058519984944572,-0.7996978907074587,Gold
2.5599277235745563,2.012449337390165,Platinum
0.788579628863961,0.036242149521796996,Platinum
2.8354421321893533,1.768686929289926,Silver
0.5494221672328466,2.0710324728081573,Jade
2.2723221948658816,0.17646388724513196,Gold
0.2705938901929584,1.5783095120422825,Jade
-2.4122300927304194,0.3771529449549075,Jade
6.990958048748906,-1.9050020139792592,Jade
-0.35628779255987586,-0.08205047200533724,Platinum
2.9744914402556337,1.2352766703348195,Jade
2.608613468532816,0.055584920525424214,Gold
-2.5605961793765863,-0.06628715165380893,Jade
3.069015749357772,-0.007701264186560988,Gold
0.6963119929883651,0.6837469474660994,Gold
0.922658130606173,1.9519619162281345,Jade
-0.6065825583096273,0.2544805054716909,Silver
-1.632423852494848,-0.28017559560798627,Jade
-2.4917472094438744,-0.6720376749532874,Gold
2.8891882088347085,1.3288422742242332,Jade
2.454336384557643,-0.04654100152247105,Jade
1.1794020362285984,1.4064321826458441,Jade
-0.39052669222118525,1.2685132502817025,Silver
1.0621142725709698,-0.06933864465793899,Jade
-2.6483527291067626,-0.36071087392151185,Jade
2.121120775828874,-1.5835303211828153,Silver
-1.892016539740438,0.14503078831517893,Silver
-0.5450268834689032,-0.8048271521845519,Jade
-0.057013669697059836,-0.5434444455117531,Jade
-0.10447534016532145,0.5413372122572556,Jade
-1.4875935794421906,0.9959741678390753,Silver
1.5406828601645466,0.4171590399968603,Jade
4.875493862261585,-1.4400999041486178,Gold
-1.3168001527540893,0.8336290084461997,Jade
-0.21832166141518883,-0.7877558928466677,Silver
-0.3005136983062829,-0.5743267183469986,Silver
0.196742227272907,-0.9333240448276302,Jade
-2.7681289638261495,-0.10454887782492621,Silver
-1.3103126472860493,1.5798899154530426,Gold
0.33251334228016777,-1.1599358794072967,Gold
4.897584962556159,-2.2933525727581965,Silver
2.486476724399402,3.8008003477448793,Silver
-2.432987758647115,-0.10496303867970655,Jade
3.6730751377264146,-1.0282149595251515,Jade
-2.341249239235707,0.307488655788373,Jade
0.8368086948908434,-1.1697458344953986,Jade
-2.5544252413574173,-0.6118419883654027,Jade
2.5055349525758546,-1.7401215632563583,Gold
-2.3190901840575937,-1.2451315181196305,Silver
1.1545397753174311,1.1497470838180945,Gold
1.9615920330016823,0.973170059855829,Silver
1.112477902774268,-0.1344494203642031,Silver
-2.751620025557168,-0.26458865391795855,Silver
1.1536574152018768,1.0734611085707573,Platinum
0.6619150879336305,-0.3841475983702838,Jade
0.2783567297831855,2.021739522008897,Jade
-2.620377718711551,-0.05759990631731075,Silver
0.04088320822872816,1.4315536330838914,Silver
-1.2308084113069309,1.2204361138284106,Jade
-0.7794886883062941,-1.6403535397314446,Jade
-1.2449779834972232,-0.4012592450058021,Platinum
1.3413555759240978,-0.777252945771497,Gold
-1.0041460403851703,0.3727474039733112,Gold
-1.88542758015735,-0.794251170725489,Silver
2.4569319764035504,0.6299805685274767,Gold
-1.6676320917664897,0.008532456064297658,Jade
0.9547247986274404,1.3180338897931716,Silver
-1.3335258827760634,-0.6240551596353282,Jade
0.22794483793247866,1.01164986862467,Silver
-0.29674242598156786,1.3104985761581036,Silver
-0.9809036176573351,-1.007469552281522,Jade
-1.7500237069121642,-0.022654449791223205,Jade
1.004218580305806,0.1258527341500984,Jade
7.094657968881842,-0.3720908221924721,Jade
-1.5122365870634158,0.1655107843579071,Jade
-1.7959841327317578,-0.11623053257167625,Jade
-2.866958810814208,-0.4371382767682178,Jade
1.6375654388753127,0.729623912725203,Platinum
-0.7859266757357075,0.5054385682490439,Gold
-1.7562970288811814,0.23212311018810877,Jade
-1.3220006810751628,0.2597592943200355,Jade
0.7644774049662644,-1.3238619115177173,Silver
-2.761468559219045,-0.4034318925630195,Platinum
2.388026507921404,0.17971335168259947,Gold
4.965481262999878,-2.3379862244016754,Gold
-2.3685816652963307,-0.32922313307287654,Jade
-1.8444947457202643,-0.6832280501492322,Jade
5.048809156557462,-1.444849093447158,Gold
-0.16687029769630782,0.5066852250175042,Jade
1.2686783661777157,0.2958777125677378,Jade
-1.423775149584061,1.1250030933593451,Jade
5.775831011207786,-1.911214943591766,Jade
-1.7027959168043576,-0.3700754572527252,Silver
0.7285200846730641,-0.5930568349642994,Platinum
0.1958801444985116,0.28497647326035164,Jade
4.196916627573909,-2.9249787922957386,Platinum
-0.415732679501042,1.68828192465896,Jade
-0.8510483424532889,0.5795423386539472,Jade
-0.6674687728958234,-1.051065937677582,Jade
0.3747256984201224,1.0484508990019394,Jade
5.543392669625858,-4.410512093484448,Jade
-0.9597636109904882,-0.8380638017592653,Platinum
2.828470520406071,-2.5877312642855284,Jade
-1.9303015111665043,-0.8356427576413404,Gold
-0.8035756768258865,-0.4477389471011113,Jade
-0.6597814404119905,0.10596267769655156,Jade
1.482345571425751,0.2815770189828695,Gold
1.5684260182790208,-1.2560661955142847,Gold
-1.920914252247036,-0.016267740158616012,Platinum
-1.9063488389929586,-0.5571433105109707,Silver
-1.1224860317551808,1.0402865754259176,Silver
0.06839965874151172,1.0390446025106272,Jade
1.7472657314801814,0.26793855808733735,Jade
-0.8499873475153231,-0.28923784582581413,Jade
-0.08616486978875171,-0.23789764237716313,Silver
6.531737986352457,-0.6086371525648641,Jade
-1.1423426578632576,0.49887718393008385,Silver
1.5799811830660502,-0.15385685574627073,Jade
-0.5113410830066315,1.696276663359609,Gold
5.243764025278243,-2.0075401897103773,Gold
1.0198090428250777,-0.12409044131648218,Jade
-1.7940734810203334,0.2501090697808468,Jade
-0.7454208235522469,-0.8835185963499859,Silver
-0.9197928537817562,-1.0422933835336037,Jade
1.1206228133553506,2.5835685134257282,Gold
-0.7000526549560451,-0.5604340494592368,Gold
-2.318190007122456,-0.7717227500739341,Silver
-2.143815407479734,-0.36424205096859275,Gold
-2.307078852150769,0.030648027757759003,Jade
3.1472640628222557,-0.8361851980946133,Platinum
-0.3893959201738815,0.8412896339412662,Silver
-1.2760339089724595,0.05493484982885273,Gold
-0.8090810286335121,-0.448468679694353,Jade
-0.008790163448613938,-0.5162919345243829,Jade
5.544651714439909,1.6270655385836166,Jade
1.0695004727095625,-0.04220116440402414,Silver
-0.5789956784771579,-0.16474043316324785,Silver
-0.978506646656848,0.8963238022700544,Gold
-2.50368598698734,-0.7479668842973026,Gold
4.202871977478001,-1.512970450103766,Silver
2.6342314107111084,-0.06384020342050402,Gold
-2.905318874389302,-0.4229164675096384,Jade
-0.8530227044861177,-0.836745422207181,Jade
0.9071723777574913,-1.441943479853427,Jade
2.6863311266650753,-0.5707352880112277,Silver
-0.04505675391245811,1.1791195323533255,Silver
-2.5329268826301816,-0.44527167590388883,Platinum
0.4936469619079604,0.546493648714793,Jade
0.18414453107724127,0.04456729753054832,Silver
-1.2770464795137557,-0.516320896000355,Gold
-1.2229152707968831,-0.6545195240361007,Silver
3.4321884300721925,-2.2121685730276024,Jade
2.7158736810438064,2.84372843006329,Platinum
2.971855564138734,2.3095845666409183,Platinum
-2.3704751598336187,0.07790172769552971,Silver
-0.548357865233318,-0.7529926264899364,Jade
-0.7080970350134249,0.4504853182670778,Jade
-2.046139170574614,-0.15279647585967798,Silver
4.457783964898325,-0.5168764379372249,Gold
-1.592469502077535,0.49896694982489687,Jade
1.0529457777282165,1.8564789941926336,Jade
1.185927737955947,0.357727661553899,Jade
-1.4584659291682258,-0.1333838145076282,Silver
-0.906783388347959,1.2610769354029179,Silver
-1.1699000594788915,-0.20041668713641939,Jade
-1.0302604892130007,-1.9087047541790734,Gold
0.8121296245055637,1.0886814062843018,Gold
2.5291650867064783,1.3047439893363106,Silver
-0.10591336330891266,-0.2366781081586529,Silver
-1.2590891139214022,-0.7062815079415307,Jade
0.2884076901686703,-1.7157463026440942,Jade
-2.5567579098084954,-0.425317107537522,Gold
-2.21730559103546,-0.41709755699196477,Silver
1.5335138723306296,2.501122190044037,Gold
0.40307668284000225,-0.202157372755953,Jade
-1.593798078710046,-0.32513136745462135,Platinum
0.16891257823937275,1.3154188553276085,Silver
2.7335751557011414,-1.3233273538835486,Jade
3.2730082124130946,0.40533038340283334,Jade
-0.8557956445379029,0.7651904114221533,Gold
-1.162202571024293,0.22448477808622758,Jade
-0.1536501348616623,-1.0015122124799012,Silver
2.213705063285449,0.6031966655190559,Jade
1.0671342679067544,-2.1042721384209466,Gold
0.5560133839537514,1.4651434870248905,Gold
-1.8625472198959483,0.2899967205285101,Silver
-1.355178370951995,-0.398205346962317,Gold
2.7559716118471234,-1.277398226409922,Platinum
-0.9744938149652086,-0.45698704444321736,Platinum
-2.6365137003592363,-0.4140272850643708,Platinum
-1.8957868691660253,0.10878363798357142,Jade
3.8438193491963437,-2.85412887306817,Jade
-1.4022026373762675,-1.169564327715848,Silver
-0.9341091328291627,0.2633648367511299,Platinum
-1.5732274267919966,0.09816232261397036,Jade
-0.23002060763629945,1.691033740973376,Gold
3.0365621988407847,-1.327476833175967,Gold
2.1693678819590083,3.2892606948519933,Gold
-2.8199110703740993,-0.7195596513767746,Silver
-0.5586997897175389,-0.5501928156348265,Jade
-0.36619638134714516,0.847424921014773,Jade
-2.766241170131087,-0.6047793436682329,Silver
0.2897763149807988,-0.7965028733054587,Jade
-1.59295136508351,-0.1538583930392205,Silver
1.0794652291846607,1.3064324324391758,Gold
0.11234629719635911,-0.21156594903122172,Jade
-1.4961196263608012,0.09659768607350618,Platinum
-1.8741888488760283,-1.283887793874845,Gold
-0.040377514958766285,-0.3254095052284749,Platinum
2.717619926194445,2.707898972179369,Silver
2.3525433974022474,1.9308191438131246,Jade
2.7240266612210764,-0.02486140645233635,Platinum
-1.3193804844600614,-1.5780711296170975,Silver
-0.9210383656063078,0.31903943238319865,Jade
-1.797553812227593,0.575279762857091,Jade
1.9724325456468021,-1.1663602992215167,Silver
2.280225407807696,-0.4863305464950124,Jade
0.6052901751687206,-2.283136668287361,Jade
0.3943623909800345,-1.082585287066647,Jade
-1.912029565051539,-0.980747368662259,Silver
-1.6964828581383293,0.7086794052180154,Gold
0.30198304418548155,1.366692626742238,Jade
1.7744609088315222,-0.5242001042788771,Jade
-0.8479081892334831,0.17021420630727627,Jade
-0.7029315608537113,-0.30122276953199467,Platinum
0.14678112870502236,-0.569281197268376,Silver
3.7090316802908405,-0.15219390019455908,Jade
1.6456984158967862,-0.6847916539460414,Jade
-1.3299609236384746,0.8283910542317041,Platinum
-2.8069282867652254,-0.759115650051454,Jade
-2.1851628943895376,-0.10003138183088041,Silver
-1.744433998753516,0.5487208062772526,Jade
-0.8771696866650729,0.37872074055125066,Gold
-2.3904188127812778,-0.7464648788951913,Silver
-1.5085129126893615,0.05626803013409261,Jade
1.1657740833790582,0.7748974719282907,Silver
-1.4094184093692184,0.40293278153652023,Gold
-2.1029140218985245,0.3479196618473497,Gold
4.7901442417954625,-0.5547075371876,Jade
-0.8053888935217884,0.8180331489120336,Jade
-0.11914063850678883,0.8647848426893827,Jade
1.0960355310502423,-0.8548102390225669,Jade
-1.038740024744184,0.8046003785951565,Jade
0.7690495577321423,2.0559155216473077,Silver
-0.6486681636968799,0.8500384463150565,Gold
2.7541705093174045,-0.6428136413626374,Silver
1.530769417687834,2.8710290183120066,Jade
-1.701665174287442,-0.733538426414535,Silver
0.036144321861243396,-0.4977478944080147,Jade
1.093443766803162,-0.49255684027442564,Gold
-0.9292599453519926,1.0855563727794788,Gold
-1.5402250334304557,0.3657662941781118,Silver
3.9073271710230855,-3.099186825501377,Platinum
-2.3963776789425526,-0.33911570090974347,Silver
-0.9283244942766968,-0.33359237917236884,Jade
-2.3758617208484614,0.09830248722255493,Jade
-2.1389785833810713,-0.11936912350954147,Platinum
-2.627241622614587,-0.9650822919743202,Gold
-1.5720533002920396,-0.4607792442421224,Gold
-2.412854561089508,-0.4146035192150448,Silver
1.3698916375262873,-0.41304052987746376,Silver
-1.7658281247127685,-0.02152066753478747,Jade
-2.702077242753033,-0.37060645434677875,Silver
1.1838522758345271,-0.8845939319974767,Silver
2.050328666907092,-0.18994481300501123,Silver
1.6381835719528435,1.9806777704162006,Silver
2.601160352956957,1.973440414400775,Jade
-1.6637910947463417,0.3704303829822486,Platinum
-1.9371039080142096,-0.6468651028295285,Jade
0.4927838274220415,1.1188969345886621,Jade
-1.8372610833882304,0.41310893779284313,Jade
-0.9283170184756643,-0.36427945485478597,Silver
1.518193459959975,0.9184526726922664,Jade
-1.8189282233341701,-0.24925654634258151,Silver
-0.6024415882158859,1.1070075849373917,Jade
-2.007405909044202,-0.5676501389728414,Jade
-0.0684976600599979,-0.5863095350677923,Gold
-0.4623525350597379,0.9038708659099086,Platinum
3.3732250196125624,0.16445664979372684,Jade
0.5631949669007039,2.9907911938071043,Jade
3.317071307463063,-1.317475641184358,Jade
-2.229567987892589,-0.43954749506485746,Silver
1.2694845367846694,0.19039715999925536,Silver
-2.507113658630795,-0.1777165527525151,Jade
-2.3888207236967,0.4378653565892072,Jade
-1.7701476747010663,-0.8863315877593083,Jade
6.181424270898886,-1.529228318140521,Silver
-2.31489178407351,-0.5200178262930676,Silver
-1.3297018151266977,1.0937444315102152,Gold
0.48937512348561174,-0.0731865468909471,Jade
-0.31633843857450217,0.7636622916836557,Jade
3.8470032841984354,1.0364202624221033,Jade
-1.3774701598314083,-1.130649955930128,Jade
-1.406539063518729,-1.2223136876889225,Silver
-2.4270470413842884,-0.8856166511877153,Silver
0.008745560661313354,-2.0771028886364924,Jade
-1.5394353945601673,-1.0525931188969078,Silver
-1.9792800001696413,0.4791912438000352,Jade
-0.5743959287564543,0.7172581175179876,Gold
-2.7005807568457625,-0.12572345025951062,Silver
-2.4854355839927593,-0.010517359985642058,Jade
0.970315025631692,-1.8048639881381556,Gold
1.7632687318574898,2.8051047484640215,Silver
-2.0963508445921066,-1.1086442216018446,Silver
-0.3047931079604836,0.07695832339886384,Jade
-1.298874357885727,-0.034521269420384595,Silver
2.890137192021882,-0.316952348701054,Jade
-1.3893163806975704,-1.2256706382200817,Silver
4.611849036484205,2.3201833680200235,Silver
3.374783456703195,3.38893619430358,Gold
-2.7101126461153267,-0.013250086445699513,Jade
-0.44304301998094636,-0.11196014384249099,Gold
-1.5826684331043182,-0.677998343599879,Silver
2.3206797532048764,-1.3307746197189627,Silver
2.948889740541836,0.5121636258330291,Jade
-1.795908852665929,0.21561777173639443,Platinum
-1.5097646985950992,-1.0527328883081066,Gold
0.9020451448292865,1.8182131128118988,Silver
7.408900646629096,0.41566293317729575,Silver
-2.330753691986656,-0.7069716379293348,Silver
0.042614355464821896,0.6374722644718512,Jade
-0.9368936989159412,-0.4259860170046343,Silver
-0.6294246752988902,-1.5670741509030446,Jade
1.4300014802684469,3.920033523939065,Jade
-1.7351727830343195,-0.6712616957211897,Gold
3.8698591765487853,2.839855598430091,Jade
0.5383975211099457,-0.29781552842704134,Silver
-1.6678490815469704,0.3450346889097118,Silver
5.901731278873788,1.4069840717665956,Platinum
-0.8634477427090251,1.0180570607450463,Platinum
-1.0404088249533907,0.9165885214683971,Jade
-0.49837851120101584,-0.5513365312335023,Gold
-1.2982560559769367,-0.5190212775457702,Jade
0.8532953390432173,0.8936402960789186,Jade
1.8813618994013988,-0.7460539812582074,Platinum
1.4913291893820193,-1.5587391830507988,Silver
-0.5115940197773102,1.6456697045270863,Silver
-0.011226853186242416,1.2018744910788157,Jade
-0.4945556978213168,0.48013109185967434,Platinum
0.48890582160506096,0.014074612093310013,Jade
-1.064968655983734,0.6914764186081578,Jade
-0.05320636901150893,0.545671492631183,Jade
1.4051786057511046,-1.0932601843595808,Jade
-0.3464914876219988,1.4137150813805963,Gold
-0.13329255045425265,1.3754604376213468,Silver
-1.0793816118677935,1.4678731350730052,Silver
-1.0627663503057074,1.1654732072958496,Silver
0.48632812018676075,-0.23874302994621,Platinum
-1.4184223819396606,-0.41034788925306065,Silver
1.6497712370270083,-0.14604302537598624,Jade
-1.158262201201246,0.03346760269149703,Gold
-0.18151371616080259,1.020572858848404,Silver
-1.5568992211494428,0.8761599860294854,Gold
0.04054501469269608,1.1658403519291416,Silver
0.30326817738045553,-0.8654960650944361,Jade
-0.060440637205159346,2.403567693412157,Silver
0.5705210403812692,-0.5322695269808067,Silver
-1.0451572348661173,-0.8012561839201074,Jade
-2.1566361687373625,-0.02395781334024595,Jade
0.4522015944640175,0.9401421975583418,Gold
-1.1712145327746868,-0.2083859210716297,Silver
3.93990173438165,-2.737256623185716,Jade
2.016963773550424,-1.3086967469330848,Jade
-1.1794567506918776,-0.1427197420010125,Silver
-1.5763613419424447,-0.5194943170944347,Gold
-1.1892003755084621,-0.1704161852168969,Jade
-2.141308419928217,-0.2755354166621326,Jade
1.0777577270672956,-1.8133437327967672,Jade
-0.7640495954158533,0.4043347515228883,Gold
0.2625378918682178,0.6107320164276878,Jade
-0.8596171146717169,-0.2825698364281097,Silver
-0.545436929351662,-0.3246286132499263,Jade
1.295255946911679,0.7104083800595363,Silver
-0.8024049532750986,-0.9481818675788088,Jade
4.70252624024633,3.183958582219223,Jade
-1.2578375433969078,-0.9830873031842593,Jade
-1.4665338428512802,0.6615355663269392,Jade
-0.9129745305771456,0.6456821351578097,Gold
0.4024157073384298,-0.9851382005798361,Platinum
-0.46703808288938325,0.2987561105692237,Gold
-1.940761999273831,-1.3239358856237362,Platinum
-2.3663129912837184,-0.2538653423080015,Gold
-1.2400834742592766,1.8395399501896779,Silver
-1.3360313813723428,0.8014758902345105,Silver
-2.10509332604964,-0.589673470321098,Jade
-2.3120656818972556,0.1076855661084579,Silver
0.5590184162192411,-0.18650426034564213,Jade
-0.2532767484021997,1.6090687044252667,Silver
1.8432458286530486,-0.7539873250123819,Gold
1.9930235939078325,-1.6030655099457258,Jade
-1.6390566045072519,-1.5057633686991934,Silver
-1.6756643733949732,-1.0918898461920392,Jade
-1.2470736803138196,0.029114288669517704,Jade
-1.2844877329241497,-0.4477849523951829,Silver
-1.9737971193387587,0.5295918788936307,Silver
0.1447620508692187,-0.648409150046911,Jade
-0.18946262900851524,0.2917573771035538,Platinum
-2.540416888809778,-0.3917825456525573,Jade
0.278740811880056,1.7367279654407912,Gold
-1.7799227063583585,0.22865587861095468,Platinum
-2.6629419763745887,-0.04165614731325458,Silver
0.7652726755409398,-0.5467599081272135,Jade
-0.21126742321436787,0.925779360343913,Platinum
-1.1590524877362387,-0.0485822961867821,Platinum
-0.7189817765717718,-0.9017099272477441,Jade
1.1241992316057439,-0.45025313964977853,Silver
-1.1080513662042244,-1.1344751882867854,Platinum
0.6394565714842012,-2.5106847391111304,Silver
2.0663170859442035,-0.5136021028262054,Jade
0.49179286034773334,-0.5633927362889857,Jade
-0.7586075795681818,-0.08468268080953233,Silver
0.07333543516244428,-0.6510486527980035,Jade
-0.7208474678756547,0.8037827089726355,Jade
-2.7332816366657693,-0.1607826113905783,Gold
-0.657361120353972,1.987050500046359,Silver
-0.7807395241618832,-0.26238996488981386,Jade
-2.6217406929945235,-0.9989306197185825,Gold
-2.104854711572496,-0.19807231328095504,Silver
-1.6266035515218638,0.14592292196049148,Gold
0.2047065634194218,-0.2558320132127403,Jade
1.8983136691727727,1.3080288377039209,Jade
0.11456813232513632,0.84493771046133,Jade
-0.6447058643507971,-0.5386492391402656,Silver
3.263324103981355,-1.6035424718991682,Jade
-0.09665098436915898,-0.705435091300872,Silver
-0.5075838479096708,0.8841337898142176,Platinum
0.09651470144838845,-0.9730057892045714,Jade
-1.2715755710513577,0.6379910539261531,Jade
0.021019426159506253,-0.030772442782799767,Jade
-0.5497617522289486,0.06338567661167398,Silver
-0.7406370487147494,0.7193595776794187,Gold
1.603743535283848,0.12012451788982557,Platinum
-1.469956569855295,-0.9152322601685354,Jade
1.441401217566557,0.9330802494539476,Platinum
3.123283251948871,3.9206183264804855,Platinum
-0.5528024401219062,-0.8487518729128536,Jade
2.231246782257049,-0.8483345978107624,Jade
3.668814099081989,-1.41210533487287,Gold
0.1856514681643185,-1.289013584595681,Jade
-0.6587671522686919,0.45800408086745364,Jade
-2.034400791167686,0.30479656382216314,Silver
0.745491533462823,-1.8843023499299405,Gold
3.939054395627487,0.7222389024889599,Jade
1.5701305892750417,-1.3058232985067595,Jade
-0.5483995072950729,1.0224786181044874,Jade
0.3436843904076476,0.5224794197085851,Gold
-0.3149722977569733,0.8399403312681759,Platinum
-1.7804886151391253,-1.016327466380573,Gold
-2.4126281093050737,-1.3124669573227676,Silver
-1.6421532704242794,-0.6017846907488663,Jade
-1.6970064402904812,0.40985698602693804,Silver
-0.10796360793691888,-0.7256376761035415,Silver
2.618437679596192,0.5660163125740114,Platinum
1.5152571930217822,-0.24801871160105926,Jade
0.293173384874996,0.7963143899443463,Jade
-1.4147138736537646,0.17755799770881298,Silver
0.2172226820558663,-0.10640508496772365,Gold
-0.05773401919453653,1.6288673909232068,Jade
-0.9100780569669954,0.28980050765841436,Jade
0.29902401637902487,0.5444951063101884,Silver
-1.4066195091210587,0.8391681860624873,Silver
0.8077250372412564,-0.9116890982006524,Silver
-1.027840164994699,-0.1341223769727534,Gold
-0.003031957277478718,-0.3398389903987709,Silver
1.7609549779217952,1.627197992239183,Silver
2.161773577804283,2.668029840718896,Jade
0.5896968751491758,2.0915624108443343,Gold
2.2492980672940455,2.3493578187065394,Jade
-1.1634250106553932,1.1449017290508514,Platinum
2.2496518717262948,1.7055185455776027,Jade
7.551065949218678,-0.31709889057283003,Silver
-2.506926982984854,-0.2660503716837798,Gold
-1.6198279880879485,-0.04706462900529389,Gold
-2.9665517632343312,-0.37909569029918044,Platinum
-0.5758818611795429,-1.953956499963847,Platinum
-2.9709469064378937,-0.7154540539171369,Platinum
-0.9097014361203554,1.3753570697668112,Gold
-1.029981057193735,0.2636520627068314,Jade
-1.894076470864163,-0.005894926663069566,Gold
-1.4942770353794843,-0.24405238621715764,Silver
-2.2274286855266587,-0.07708007654833973,Jade
-1.0837472982872065,-1.294487411132608,Jade
-1.2992893322016497,-0.2515148372627712,Platinum
1.0394634600738974,1.8247036969592336,Jade
-0.22822182096309895,2.038350377966926,Silver
-0.954842885176928,-0.1525151871319114,Silver
-0.09410854630911714,0.15291667631078426,Gold
-0.52532366673818,2.1313114197850167,Jade
0.5196730625636908,0.11341667092738343,Jade
-0.2930993992612265,-1.0812638610217435,Jade
2.9878001946112005,1.3327812115863726,Jade
-0.43130036501415364,-1.72488256379898,Silver
3.066522116481811,1.9264786819004693,Gold
-1.4539808426081828,0.413989322758512,Jade
-0.3483757443219005,1.1051618152038352,Gold
-1.6002798434528072,-0.0917378405722539,Platinum
1.4013075037226517,-0.4092871097083958,Jade
-2.3062026107366993,-0.9969655850466629,Jade
1.0725728108911285,-1.0091912610527194,Gold
0.11012659196602606,-0.1809472054855137,Silver
0.8355978957710644,0.9780376088305414,Platinum
1.4298420526798257,-0.21164365360493415,Gold
-1.7410058354945877,0.39929605943055924,Gold
-1.3228066048759484,0.23515951555911374,Jade
-0.6162866427879093,-0.6388321053148899,Jade
-2.5561218238105052,-0.40068807929364125,Jade
